metres,bucket,slug,name,address,postcode,town,storedLat,storedLng,postcodeLat,postcodeLng
49178,badly wrong,penny-price-aromatherapy,Penny Price Aromatherapy,"Unit D3, Radius Ct, Maple Dr, Hinckley LE10 3BE, United Kingdom",LE10 3BE,Hinckley,52.5868159,-2.1256587,52.537457,-1.402663
17049,badly wrong,genesiscare,GenesisCare,"Little Aston Hall Dr, Little Aston, Sutton Coldfield B74 3BF, United Kingdom",B74 3BF,Sutton Coldfield,52.5868159,-2.1256587,52.60096,-1.874333
15160,badly wrong,sanctuary-aesthetics,Sanctuary Aesthetics,"36 Croydon Dr, Penkridge, Stafford ST19 5DW, United Kingdom",ST19 5DW,Stafford,52.5868159,-2.1256587,52.722909,-2.112329
15069,badly wrong,acorn-dental,Acorn Dental,"22a Hewell Rd, Barnt Green, Birmingham B45 8NE, United Kingdom",B45 8NE,Birmingham,52.4822694,-1.8900078,52.361398,-1.990505
15069,badly wrong,karun-dewan-specialist-periodontist-endodontics-dental-implants,Karun Dewan | Specialist Periodontist | Endodontics | Dental Implants,"RESTORE Dental Specialists, 30A Hewell Rd, Barnt Green, Birmingham B45 8NE, United Kingdom",B45 8NE,Birmingham,52.4822694,-1.8900078,52.361398,-1.990505
14858,badly wrong,alto-hearing-tinnitus-specialists-kenilworth,Alto Hearing & Tinnitus Specialists Kenilworth,"16 High St, Kenilworth CV8 1LZ, United Kingdom",CV8 1LZ,Kenilworth,52.411811,-1.77761,52.349879,-1.583639
14224,badly wrong,dr-aesthetica-medical-aesthetic-clinic,Dr Aesthetica Medical Aesthetic Clinic,"Unit 1, 1431 -1433 Bristol Rd S, Birmingham B31 2SU, United Kingdom",B31 2SU,Birmingham,52.411811,-1.77761,52.39867,-1.986177
13654,badly wrong,earwaxspecialist-co-uk-ear-wax-removal-stourbridge,Earwaxspecialist.co.uk- ear wax removal Stourbridge,"15-17 Lawn Ave, Stourbridge DY8 3UR, United Kingdom",DY8 3UR,Stourbridge,52.5361674,-2.010793,52.452971,-2.159138
13085,badly wrong,spire-little-aston-hospital,Spire Little Aston Hospital,"little aston hall drive, Little Aston Hall Dr, Sutton Coldfield B74 3UP, United Kingdom",B74 3UP,Sutton Coldfield,52.4822694,-1.8900078,52.599622,-1.875577
13039,badly wrong,dr-vicky-lewis-clinical-psychology-and-counselling-services,Dr Vicky Lewis Clinical Psychology and Counselling Services,"Tri Wellness Centre, Woodfield Farm, Norton Ln, Earlswood, Solihull B94 5LS, United Kingdom",B94 5LS,Solihull,52.4822694,-1.8900078,52.369477,-1.837418
12620,badly wrong,the-purple-house-clinic-birmingham,"The Purple House Clinic, Birmingham","Suite 1D, Unit 1, School House, St Philips Courtyard, Church Hill, Coleshill, Birmingham B46 3AD, United Kingdom",B46 3AD,Birmingham,52.4822694,-1.8900078,52.49948,-1.705764
12466,badly wrong,brownes-dental-surgery,Brownes Dental Surgery,"299 Lichfield Rd, The Royal Town of Sutton Coldfield, Birmingham, Sutton Coldfield B74 4BZ, United Kingdom",B74 4BZ,Sutton Coldfield,52.4822694,-1.8900078,52.588537,-1.831282
12448,badly wrong,mere-green-dental-care,Mere Green Dental Care,"Dental Surgery, 5A Mere Green Rd, The Royal Town of Sutton Coldfield, Birmingham, Sutton Coldfield B75 5BL, United Kingdom",B75 5BL,Sutton Coldfield,52.4822694,-1.8900078,52.587841,-1.828776
12268,badly wrong,the-aesthetics-company-uk,The Aesthetics Company UK,"310 Lichfield Rd, Mere Green, Birmingham, Sutton Coldfield B74 2UG, United Kingdom",B74 2UG,Sutton Coldfield,52.4822694,-1.8900078,52.586169,-1.829018
12268,badly wrong,evolving-families,Evolving Families,"6, astor house, 282 Lichfield Rd, Mere Green, Birmingham, Sutton Coldfield B74 2UG, United Kingdom",B74 2UG,Sutton Coldfield,52.4822694,-1.8900078,52.586169,-1.829018
11983,badly wrong,cayp-psychology-birmingham,CAYP Psychology - Birmingham,"1st floor, Sutton Medical Consulting Centre, Ashfurlong Building, 233 Tamworth Rd, The Royal Town of Sutton Coldfield, Birmingham, Sutton Coldfield B75 6DX, United Kingdom",B75 6DX,Sutton Coldfield,52.4822694,-1.8900078,52.57737,-1.806681
11698,badly wrong,surgicare-aesthetics-birmingham-specialist-doctors-in-anti-wrinkle-non-surgical-rhinoplasty-lip-fillers-zo-skincare,"Surgicare Aesthetics Birmingham: Specialist Doctors In Anti Wrinkle, Non-Surgical Rhinoplasty & Lip Fillers, ZO Skincare","Consulting Room at Burnett Clinic, 46-48 Thornhill Rd, Sutton Coldfield B74 3EH, United Kingdom",B74 3EH,Sutton Coldfield,52.4822694,-1.8900078,52.586843,-1.871096
11682,badly wrong,omnia-dental-spa,Omnia Dental Spa,"243 Station Rd, Wythall, Birmingham B47 6ET, United Kingdom",B47 6ET,Birmingham,52.4822694,-1.8900078,52.377993,-1.869044
11340,badly wrong,west-heath-dental-surgery,West Heath Dental Surgery,"225 Longbridge Ln, Longbridge, Birmingham B31 4RE, United Kingdom",B31 4RE,Birmingham,52.4822694,-1.8900078,52.393814,-1.973276
11055,badly wrong,the-midland-shoulder-clinic,The Midland Shoulder Clinic,"Spire Parkway Hospital, 1 Damson Pkwy, Solihull B91 2PP, United Kingdom",B91 2PP,Solihull,52.4822694,-1.8900078,52.421597,-1.760763
11017,badly wrong,76dental,76dental,"112 Coleshill Rd, Water Orton, Birmingham B46 1RD, United Kingdom",B46 1RD,Birmingham,52.4822694,-1.8900078,52.515996,-1.736983
10918,badly wrong,the-dental-centre,The Dental Centre,"5 Hedingham Grove, Birmingham B37 7TR, United Kingdom",B37 7TR,Birmingham,52.4822694,-1.8900078,52.478355,-1.728918
10777,badly wrong,water-orton-dental-centre,Water Orton Dental Centre,"5, Station Buildings, Birmingham Rd, Water Orton, Birmingham B46 1SR, United Kingdom",B46 1SR,Birmingham,52.4822694,-1.8900078,52.5183,-1.742201
10599,badly wrong,four-oaks-psychology,Four Oaks Psychology,"Moat House, The, 24 Lichfield Rd, Sutton Coldfield B74 2NJ, United Kingdom",B74 2NJ,Sutton Coldfield,52.4822694,-1.8900078,52.56827,-1.822434
10475,badly wrong,house-of-dental,House of Dental,"House of Dental, 31 Redhill Rd, Northfield, Birmingham B31 3JS, United Kingdom",B31 3JS,Birmingham,52.4822694,-1.8900078,52.398224,-1.959826
10475,badly wrong,midlands-dental-therapist-birmingham,Midlands Dental Therapist - Birmingham,"31 Redhill Rd, West Heath, Birmingham B31 3JS, United Kingdom",B31 3JS,Birmingham,52.4822694,-1.8900078,52.398224,-1.959826
10405,badly wrong,ascending-minds-psychology,Ascending Minds Psychology,"42a High St, The Royal Town of Sutton Coldfield, Birmingham, Sutton Coldfield B72 1UJ, United Kingdom",B72 1UJ,Sutton Coldfield,52.4822694,-1.8900078,52.566508,-1.823046
10366,badly wrong,mh-aesthetic-beauty-clinic-ltd,MH Aesthetic & Beauty Clinic Ltd,"34 High St, The Royal Town of Sutton Coldfield, Birmingham, Sutton Coldfield B72 1UP, United Kingdom",B72 1UP,Sutton Coldfield,52.4822694,-1.8900078,52.566059,-1.822856
10299,badly wrong,forensic-psychology-practice-ltd,Forensic Psychology Practice Ltd,"4-6 High St, The Royal Town of Sutton Coldfield, Birmingham, Sutton Coldfield B72 1XA, United Kingdom",B72 1XA,Sutton Coldfield,52.4822694,-1.8900078,52.565104,-1.821901
10146,badly wrong,lansdown-dental-practice,Lansdown Dental Practice,"711 Chester Rd, Birmingham B36 0LN, United Kingdom",B36 0LN,Birmingham,52.4822694,-1.8900078,52.492307,-1.741071
10125,badly wrong,west-heath-dental-practice,West Heath Dental Practice,"181 West Heath Rd, Birmingham B31 3HD, United Kingdom",B31 3HD,Birmingham,52.4822694,-1.8900078,52.402162,-1.961013
9977,badly wrong,al-aesthetics-injectables-minor-surgical-skincare-solihull,"AL Aesthetics - Injectables, Minor Surgical & Skincare Solihull","131 Union Rd, Shirley, Solihull B90 3BZ, United Kingdom",B90 3BZ,Solihull,52.4822694,-1.8900078,52.404758,-1.815873
9782,badly wrong,m-p-m-aesthetic-medicals,M P M Aesthetic Medicals,"62 Lower Queen St, The Royal Town of Sutton Coldfield, Birmingham, Sutton Coldfield B72 1RT, United Kingdom",B72 1RT,Sutton Coldfield,52.4822694,-1.8900078,52.560035,-1.822408
9623,badly wrong,david-iles-psychotherapy,David Iles Psychotherapy,"Birmingham B38 9BB, United Kingdom",B38 9BB,Birmingham,52.4822694,-1.8900078,52.398639,-1.926522
9594,badly wrong,oxford-cbt,Oxford CBT,"Our Place Support, Farthing Ln, The Royal Town of Sutton Coldfield, Birmingham, Sutton Coldfield B72 1RN, United Kingdom",B72 1RN,Sutton Coldfield,52.4822694,-1.8900078,52.559131,-1.825568
9569,badly wrong,belle-femme-aesthetics-training-academy,Belle Femme Aesthetics & Training Academy,"334 Stratford Rd, Shirley, Birmingham B90 3DN, United Kingdom",B90 3DN,Birmingham,52.4822694,-1.8900078,52.4062,-1.823996
9537,badly wrong,kingshurst-dental-surgery,Kingshurst Dental Surgery,"16 The Parade, Birmingham B37 6BA, United Kingdom",B37 6BA,Birmingham,52.4822694,-1.8900078,52.493712,-1.750415
9283,badly wrong,kings-norton-dental-practice,Kings Norton Dental Practice,"183 Redditch Rd, Kings Norton, Birmingham B38 8RH, United Kingdom",B38 8RH,Birmingham,52.4822694,-1.8900078,52.403202,-1.933953
9283,badly wrong,sutton-dental-implant-clinic,Sutton Dental & Implant Clinic,"60 Birmingham Rd, The Royal Town of Sutton Coldfield, Birmingham B72 1QP, United Kingdom",B72 1QP,Birmingham,52.4822694,-1.8900078,52.556364,-1.826788
9189,badly wrong,midland-health,Midland Health,"78-79 Francis Rd, Edgbaston, Birmingham B16 8SP, United Kingdom",B16 8SP,Birmingham,52.5361674,-2.010793,52.473218,-1.922838
9086,badly wrong,earwaxspecialist-co-uk-ear-wax-removal-sutton-coldfield-hearing-aids,Earwaxspecialist.co.uk| Ear Wax Removal Sutton Coldfield Hearing aids,"Sutton Hearing Care, 1 Sutton Oak Cor, Sutton Oak Rd, The Royal Town of Sutton Coldfield, Birmingham, Sutton Coldfield B74 2DH, United Kingdom",B74 2DH,Sutton Coldfield,52.4822694,-1.8900078,52.563803,-1.881239
9060,badly wrong,ml-aesthetics-clinic,ML Aesthetics Clinic,"26 Beeches Walk, The Royal Town of Sutton Coldfield, Birmingham B73 6HN, United Kingdom",B73 6HN,Birmingham,52.4822694,-1.8900078,52.554577,-1.828285
9053,badly wrong,the-dentist-implants-veneers-emergency-center,"The Dentist, Implants, Veneers, Emergency center","341 Birmingham Rd, Great Barr, Birmingham B43 7AP, United Kingdom",B43 7AP,Birmingham,52.4822694,-1.8900078,52.558524,-1.936908
8977,badly wrong,321-dental-care,321 Dental Care,"321 Wylde Green Rd, The Royal Town of Sutton Coldfield, Birmingham, Sutton Coldfield B76 1RF, United Kingdom",B76 1RF,Sutton Coldfield,52.4822694,-1.8900078,52.542399,-1.801481
8973,badly wrong,meeting-minds,Meeting Minds,"Cheslyn Hay, Walsall WS6 7HS, United Kingdom",WS6 7HS,Walsall,52.5866367,-1.984534,52.659993,-2.039943
8968,badly wrong,fresh-glow-aesthetics-ltd,Fresh Glow Aesthetics Ltd,"13 Station St, Cheslyn Hay, Walsall WS6 7ED, United Kingdom",WS6 7ED,Walsall,52.5866367,-1.984534,52.662279,-2.03063
8892,badly wrong,revived-aesthetics,Revived Aesthetics,"186 Dudley Port, Tipton DY4 7RG, United Kingdom",DY4 7RG,Tipton,52.5868159,-2.1256587,52.517783,-2.059281
8868,badly wrong,hnm-aesthetics,HNM Aesthetics,"23 Elwyn Rd, The Royal Town of Sutton Coldfield, Birmingham, Sutton Coldfield B73 6LB, United Kingdom",B73 6LB,Sutton Coldfield,52.4822694,-1.8900078,52.554704,-1.835172
8829,badly wrong,walmley-dental-practice,Walmley Dental Practice,"1 & 2, Walmley Chambers, 3 Walmley Cl, Walmley, Birmingham, Sutton Coldfield B76 1NQ, United Kingdom",B76 1NQ,Sutton Coldfield,52.4822694,-1.8900078,52.540204,-1.800798
8677,badly wrong,dr-sarah-bishop,Dr Sarah Bishop,"The Green, Kings Norton, Astwood Bank, Birmingham B38 8RS, United Kingdom",B38 8RS,Birmingham,52.4822694,-1.8900078,52.407837,-1.928433
8647,badly wrong,authentic-aesthetics,Authentic Aesthetics,"Bank Gallery, 13 High St, Kenilworth CV8 1LY, United Kingdom",CV8 1LY,Kenilworth,52.4128163,-1.5089521,52.34968,-1.583333
8618,badly wrong,44-maypole-lane-dentist,44 Maypole Lane Dentist,"44 Maypole Ln, Birmingham B14 5JQ, United Kingdom",B14 5JQ,Birmingham,52.4822694,-1.8900078,52.404914,-1.882077
8606,badly wrong,261-dental-care,261 Dental Care,"261 Chester Rd, Birmingham B36 0ET, United Kingdom",B36 0ET,Birmingham,52.4822694,-1.8900078,52.501863,-1.76703
8376,badly wrong,bhx-aesthetics-lounge,BHX Aesthetics Lounge,"17 High St, Birmingham B35 7PR, United Kingdom",B35 7PR,Birmingham,52.4822694,-1.8900078,52.52117,-1.784039
8317,badly wrong,star-aesthetics-clinic-academy,Star Aesthetics Clinic & Academy,"271 Hagley Rd, Birmingham B16 9NB, United Kingdom",B16 9NB,Birmingham,52.5361674,-2.010793,52.472099,-1.947395
8164,badly wrong,white-pearl-dental-practice,White Pearl Dental Practice,"2236A Coventry Rd, Sheldon, Birmingham B26 3JH, United Kingdom",B26 3JH,Birmingham,52.4822694,-1.8900078,52.451868,-1.780303
8125,badly wrong,cupid-aesthetics,Cupid Aesthetics,"574 Hagley Rd W, Oldbury B68 0BS, United Kingdom",B68 0BS,Oldbury,52.5361674,-2.010793,52.463427,-1.999347
8035,badly wrong,121-aesthetics,121 Aesthetics,"359 Walsall Rd., Great Wyrley, Walsall WS6 6DP, United Kingdom",WS6 6DP,Walsall,52.5866367,-1.984534,52.657023,-2.011438
7987,badly wrong,sheldon-dental-practice,Sheldon Dental Practice,"26 Sheaf Ln, Birmingham B26 3HD, United Kingdom",B26 3HD,Birmingham,52.4822694,-1.8900078,52.453095,-1.782269
7944,badly wrong,castle-care-castle-bromwich-dental-care,Castle Care - Castle Bromwich Dental Care,"266 Bradford Rd, Birmingham B36 9AB, United Kingdom",B36 9AB,Birmingham,52.4822694,-1.8900078,52.501658,-1.777078
7801,badly wrong,aesthetica-skin-clinic-spa-ltd,Aesthetica Skin Clinic & Spa Ltd,"16 Birmingham Rd, Birmingham B43 6NR, United Kingdom",B43 6NR,Birmingham,52.4822694,-1.8900078,52.546899,-1.93486
7783,badly wrong,aspire-aesthetics-uk-fat-dissolving-birmingham,Aspire Aesthetics UK - Fat Dissolving Birmingham,"1843 Pershore Rd, Cotteridge, Birmingham B30 3DJ, United Kingdom",B30 3DJ,Birmingham,52.4822694,-1.8900078,52.416441,-1.929023
7744,badly wrong,tk-face-and-fillers-aesthetics-clinic-birmingham,TK Face and Fillers Aesthetics Clinic Birmingham,"TK Face and Fillers Aesthetics Clinic, Arkwright Rd, Quinton, Birmingham B32 1LR, United Kingdom",B32 1LR,Birmingham,52.4822694,-1.8900078,52.455497,-1.99555
7707,badly wrong,aesthetic-ace-clinic,Aesthetic Ace Clinic,"1510 Stratford Rd, Hall Green, Birmingham B28 9ET, United Kingdom",B28 9ET,Birmingham,52.4822694,-1.8900078,52.421598,-1.835008
7707,badly wrong,luval-medical-aesthetics,Luval Medical Aesthetics,"1500 Stratford Rd, Birmingham B28 9ET, United Kingdom",B28 9ET,Birmingham,52.4822694,-1.8900078,52.421598,-1.835008
7503,badly wrong,the-roh-community-health-hub,The ROH Community Health Hub,"119 Griffins Brook Ln, Birmingham B30 1QN, United Kingdom",B30 1QN,Birmingham,52.4822694,-1.8900078,52.426513,-1.952375
7500,badly wrong,birmingham-hip-and-knee-clinic-panos-makrides,Birmingham Hip And Knee Clinic. Panos Makrides,"Little Aston Hall Dr, Sutton Coldfield B74 3UP, United Kingdom",B74 3UP,Sutton Coldfield,52.5866367,-1.984534,52.599622,-1.875577
7487,badly wrong,ms-aesthetics,MS Aesthetics,"139 Hamstead Rd, Great Barr, Birmingham B43 5BB, United Kingdom",B43 5BB,Birmingham,52.4822694,-1.8900078,52.538842,-1.950014
7444,badly wrong,nothing-but-the-tooth,Nothing But the Tooth,"82 Little Green Lanes, Wylde Green, Birmingham, Sutton Coldfield B73 5NB, United Kingdom",B73 5NB,Sutton Coldfield,52.4822694,-1.8900078,52.538109,-1.829322
7316,badly wrong,dizzycare-clinic,DizzyCare Clinic,"Oaktree House, Oaktree Rise, Codsall, Wolverhampton WV8 1DP, United Kingdom",WV8 1DP,Wolverhampton,52.5868159,-2.1256587,52.630674,-2.206428
7286,badly wrong,forensic-psychology-practice,Forensic Psychology Practice,"98 Sheffield Rd, Wylde Green, Birmingham, Sutton Coldfield B73 5HW, United Kingdom",B73 5HW,Sutton Coldfield,52.4822694,-1.8900078,52.537754,-1.832744
7228,badly wrong,shires-psychotherapy,Shires Psychotherapy,"The Annexe, 54a East Rd, Brinsford, Featherstone, Wolverhampton WV10 7NP, United Kingdom",WV10 7NP,Wolverhampton,52.5868159,-2.1256587,52.650666,-2.10555
7212,badly wrong,mw-ear-wax-removal,MW Ear Wax Removal,"524 Bearwood Rd, Bearwood, Smethwick B66 4BX, United Kingdom",B66 4BX,Smethwick,52.5361674,-2.010793,52.476252,-1.969989
7211,badly wrong,birmingham-massage-and-sports-injury-therapy,Birmingham Massage and Sports Injury Therapy,"147 Yarningale Rd, Birmingham B14 6NA, United Kingdom",B14 6NA,Birmingham,52.4822694,-1.8900078,52.418196,-1.906391
7187,badly wrong,fiji-skin-clinic,Fiji Skin Clinic,"147 Sutton Rd Wylde Green, The Royal Town of Sutton Coldfield, Birmingham B23 5TN, United Kingdom",B23 5TN,Birmingham,52.4822694,-1.8900078,52.53451,-1.827479
7086,badly wrong,codsall-dental-practice,Codsall Dental Practice,"1 Bakers Way, Codsall, Wolverhampton WV8 1HB, United Kingdom",WV8 1HB,Wolverhampton,52.5868159,-2.1256587,52.631313,-2.200772
7082,badly wrong,ashylla-aesthetics,Ashylla Aesthetics,"B28 Rooms, 194 Robin Hood Ln, Birmingham B28 0LG, United Kingdom",B28 0LG,Birmingham,52.4822694,-1.8900078,52.423917,-1.848131
7082,badly wrong,livara-aesthetics,Livara Aesthetics,"194 Robin Hood Ln, Birmingham B28 0LG, United Kingdom",B28 0LG,Birmingham,52.4822694,-1.8900078,52.423917,-1.848131
7082,badly wrong,birmingham-solihull-therapy,Birmingham Solihull Therapy,"194 Robin Hood Ln, Birmingham B28 0LG, United Kingdom",B28 0LG,Birmingham,52.4822694,-1.8900078,52.423917,-1.848131
7021,badly wrong,codsall-therapy-centre,Codsall Therapy Centre,"6 Station Rd, Codsall, Wolverhampton WV8 1BX, United Kingdom",WV8 1BX,Wolverhampton,52.5868159,-2.1256587,52.629945,-2.201593
7017,badly wrong,hebron-counselling,Hebron Counselling,"Central Buildings, Wombourne, Wolverhampton WV5 9DN, United Kingdom",WV5 9DN,Wolverhampton,52.5868159,-2.1256587,52.534609,-2.183965
7013,badly wrong,tranceform-psychology,TranceForm Psychology,"Maypole House, Maypole St, Wombourne, Wolverhampton WV5 9JB, United Kingdom",WV5 9JB,Wolverhampton,52.5868159,-2.1256587,52.535299,-2.185516
6958,badly wrong,earwaxspecialist-co-uk-birmingham-hearing-care,Earwaxspecialist.co.uk- Birmingham Hearing Care,"Kingsheath, 310 Haunch Ln, Birmingham B13 0QS, United Kingdom",B13 0QS,Birmingham,52.411811,-1.77761,52.421399,-1.87899
6909,badly wrong,mosaic-counselling-coaching,Mosaic Counselling & Coaching,"57 Chillington Dr, Codsall, Wolverhampton WV8 1AJ, United Kingdom",WV8 1AJ,Wolverhampton,52.5868159,-2.1256587,52.631463,-2.196828
6898,badly wrong,success-psychology-uk,Success Psychology UK,"18 Bainbridge Rd, Smethwick B66 4SY, United Kingdom",B66 4SY,Smethwick,52.5361674,-2.010793,52.485425,-1.95215
6867,badly wrong,wow-facial-aesthetics,WOW Facial Aesthetics,"270A Alcester Rd S, Kings Heath, Birmingham B14 6EN, United Kingdom",B14 6EN,Birmingham,52.4822694,-1.8900078,52.420522,-1.891976
6842,badly wrong,mydentist-aldridge-road-dental-practice,"mydentist, Aldridge Road Dental Practice","Dental Practice, 325 Dyas Rd, Aldridge Rd, Great Barr, Birmingham B44 8TB, United Kingdom",B44 8TB,Birmingham,52.4822694,-1.8900078,52.543352,-1.90216
6768,badly wrong,cayp-psychology,CAYP Psychology,"Wellbeing Clinic, Solihull, 15 Highfield Rd, Birmingham B28 0EL, United Kingdom",B28 0EL,Birmingham,52.4822694,-1.8900078,52.428495,-1.843203
6768,badly wrong,solihull-well-being-clinic,Solihull Well Being Clinic,"15 Highfield Rd, Hall Green, Birmingham B28 0EL, United Kingdom",B28 0EL,Birmingham,52.4822694,-1.8900078,52.428495,-1.843203
6678,badly wrong,insight-counselling,Insight Counselling,"1 Blythe Gardens, Codsall, Wolverhampton WV8 1BH, United Kingdom",WV8 1BH,Wolverhampton,52.5868159,-2.1256587,52.63029,-2.193897
6668,badly wrong,clinic-asthetika,Clinic Asthetika,"1470 Pershore Rd, Stirchley, Birmingham B30 2NT, United Kingdom",B30 2NT,Birmingham,52.4822694,-1.8900078,52.42549,-1.921685
6668,badly wrong,euro-dental-care,Euro Dental Care,"368 Court Oak Rd, Harborne, Birmingham B32 2DY, United Kingdom",B32 2DY,Birmingham,52.4822694,-1.8900078,52.460396,-1.981671
6626,badly wrong,kings-heath-dental-practice,Kings Heath Dental Practice,"262 Alcester Rd S, Birmingham B14 6DR, United Kingdom",B14 6DR,Birmingham,52.4822694,-1.8900078,52.422698,-1.892574
6625,badly wrong,la-marque-aesthetics,La marque aesthetics,"190 School Rd, Birmingham B28 8PA, United Kingdom",B28 8PA,Birmingham,52.4822694,-1.8900078,52.432809,-1.835496
6534,badly wrong,family-dental-centre,family dental centre,"404 Kingstanding Rd, Birmingham B44 8LD, United Kingdom",B44 8LD,Birmingham,52.4822694,-1.8900078,52.540992,-1.886359
6513,badly wrong,bole-counselling-services,Bole Counselling Services,"7 Pattingham Rd, Perton, Wolverhampton WV6 7HD, United Kingdom",WV6 7HD,Wolverhampton,52.5868159,-2.1256587,52.58771,-2.222049
6510,badly wrong,dr-majid-shah-aesthetics-birmingham,Dr Majid Shah Aesthetics Birmingham,"265B Alcester Rd S, Birmingham B14 6DT, United Kingdom",B14 6DT,Birmingham,52.4822694,-1.8900078,52.423731,-1.891645
6510,badly wrong,lucy-mills-child-adolescent-psychotherapy,Lucy Mills Child & Adolescent Psychotherapy,"249 Alcester Rd S, Birmingham B14 6DT, United Kingdom",B14 6DT,Birmingham,52.4822694,-1.8900078,52.423731,-1.891645
6436,badly wrong,the-yardley-dental-clinic-birmingham,The Yardley Dental Clinic Birmingham,"1752 Coventry Rd, Yardley, Birmingham B26 1PB, United Kingdom",B26 1PB,Birmingham,52.4822694,-1.8900078,52.460429,-1.802014
6403,badly wrong,bournville-village-dental-practice,Bournville Village Dental Practice,"1 Maple Rd, Birmingham B30 2AE, United Kingdom",B30 2AE,Birmingham,52.4822694,-1.8900078,52.431872,-1.935735
6392,badly wrong,cadbury-dental-practice,Cadbury Dental Practice,"29 Sycamore Rd, Bournville, Birmingham B30 2AA, United Kingdom",B30 2AA,Birmingham,52.4822694,-1.8900078,52.431142,-1.933132
6377,badly wrong,derma-contours-aesthetics-training-academy,Derma Contours Aesthetics & Training Academy,"1 Bournville Ln, Stirchley, Birmingham B30 2JY, United Kingdom",B30 2JY,Birmingham,52.4822694,-1.8900078,52.428637,-1.923341
6370,badly wrong,manor-house-dental-composite-bonding-birmingham,Manor House Dental | Composite Bonding Birmingham,"22 Manor House Ln, Birmingham B26 1PG, United Kingdom",B26 1PG,Birmingham,52.4822694,-1.8900078,52.462263,-1.801888
6215,badly wrong,serenity,Serenity,"Woodfield Farm, Earlswood, Solihull B94 5LS, United Kingdom",B94 5LS,Solihull,52.411811,-1.77761,52.369477,-1.837418
6182,badly wrong,kings-heath-dental-and-implant-centre,Kings Heath Dental and Implant Centre,"306 Vicarage Rd, Birmingham B14 7NH, United Kingdom",B14 7NH,Birmingham,52.4822694,-1.8900078,52.427609,-1.90668
6134,badly wrong,two-ten-therapy,Two-Ten Therapy,"Office 9, Unit 3, Stuart Court, 88 Gravelly Ln, Birmingham B23 6LR, United Kingdom",B23 6LR,Birmingham,52.4822694,-1.8900078,52.528776,-1.841255
6132,badly wrong,ethereal-touch-aesthetics,Ethereal Touch Aesthetics,"Stafford Rd, Bloxwich, Walsall WS6 6AY, United Kingdom",WS6 6AY,Walsall,52.5866367,-1.984534,52.639718,-2.009158
6129,badly wrong,walsall-wood-dentistry,Walsall Wood Dentistry,"75 Lichfield Rd, Walsall Wood, Walsall WS9 9NP, United Kingdom",WS9 9NP,Walsall,52.5866367,-1.984534,52.629637,-1.927749
6111,badly wrong,mr-kenan-dehne-consultant-orthopaedic-surgeon,Mr Kenan Dehne Consultant Orthopaedic Surgeon,"44 Boundary Vw, Birmingham B29 6TZ, United Kingdom",B29 6TZ,Birmingham,52.4822694,-1.8900078,52.435064,-1.936186
6058,badly wrong,acocks-green-dental-practice,Acocks Green Dental Practice,"Unit 2, 1078 Warwick Rd, Acocks Green, Birmingham B27 6BH, United Kingdom",B27 6BH,Birmingham,52.4822694,-1.8900078,52.446608,-1.822409
6048,badly wrong,brightside-psychology,Brightside Psychology,"Community Hub, Codsall, Wolverhampton Rd, Codsall, Wolverhampton WV8 1PE, United Kingdom",WV8 1PE,Wolverhampton,52.5868159,-2.1256587,52.624868,-2.189648
6006,badly wrong,sk-aesthetics-and-skincare-ltd,SK Aesthetics and Skincare LTD,"552 Walsall Rd, Birmingham B42 1LR, United Kingdom",B42 1LR,Birmingham,52.4822694,-1.8900078,52.53361,-1.917588
6005,badly wrong,loulabelles-aesthetics-treatments,Loulabelles Aesthetics & Treatments,"114 Coppice Rd, Walsall Wood, Walsall WS9 9BH, United Kingdom",WS9 9BH,Walsall,52.5866367,-1.984534,52.630269,-1.932136
5930,badly wrong,bridge-therapy-uk-hypnotherapy-ltd,Bridge Therapy UK (Hypnotherapy) Ltd,"Amberley Way, The Royal Town of Sutton Coldfield, Sutton Coldfield B74 3RN, United Kingdom",B74 3RN,Sutton Coldfield,52.5866367,-1.984534,52.581357,-1.89719
5920,badly wrong,skin-care-aesthetic,Skin Care Aesthetic,"72 Yardley Rd, Acocks Green, Birmingham B27 6LG, United Kingdom",B27 6LG,Birmingham,52.4822694,-1.8900078,52.45222,-1.817869
5918,badly wrong,fox-hollies-dental-practice,Fox Hollies Dental Practice,"326 Fox Hollies Rd, Birmingham B27 7PU, United Kingdom",B27 7PU,Birmingham,52.4822694,-1.8900078,52.441653,-1.833565
5871,badly wrong,bpi-dental,BPI Dental,"115 Court Oak Rd, Harborne, Birmingham B17 9AA, United Kingdom",B17 9AA,Birmingham,52.4822694,-1.8900078,52.460042,-1.968631
5850,badly wrong,dental-opulence,Dental Opulence,"1190 Stratford Rd, Birmingham B28 8AB, United Kingdom",B28 8AB,Birmingham,52.4822694,-1.8900078,52.436815,-1.846543
5827,badly wrong,college-road-dental-practice,College Road Dental Practice,"354 College Rd, Birmingham B44 0HH, United Kingdom",B44 0HH,Birmingham,52.4822694,-1.8900078,52.53426,-1.879271
5818,badly wrong,treetops-dental-surgery,Treetops Dental Surgery,"52 Duck Ln, Codsall, Wolverhampton WV8 1HF, United Kingdom",WV8 1HF,Wolverhampton,52.5868159,-2.1256587,52.624659,-2.185156
5817,badly wrong,rai-dental-surgery,Rai Dental Surgery,"109 Westley Rd, Acocks Green, Birmingham B27 7UW, United Kingdom",B27 7UW,Birmingham,52.4822694,-1.8900078,52.445853,-1.828371
5774,badly wrong,the-counselling-clinic,The Counselling Clinic,"16 Mossfield Rd, Birmingham B14 7JB, United Kingdom",B14 7JB,Birmingham,52.4822694,-1.8900078,52.430346,-1.89004
5627,badly wrong,rejuven8-skin-clinic,Rejuven8 Skin Clinic,"1126 Stratford Rd, Hall Green, Birmingham B28 8AE, United Kingdom",B28 8AE,Birmingham,52.411811,-1.77761,52.438912,-1.847698
5622,badly wrong,bioskin-aesthetics,Bioskin Aesthetics,"Aesthetics Limited, 15 Ashmore Avenue Bioskin, 15 Ashmore Ave, Wolverhampton WV11 2LT, United Kingdom",WV11 2LT,Wolverhampton,52.5868159,-2.1256587,52.615549,-2.057168
5582,badly wrong,all-saints-dental-implant-and-orthodontic-clinic-birmingham,All Saints Dental Implant and Orthodontic Clinic Birmingham,"All Saints Centre, 2D Vicarage Rd, Kings Heath, Birmingham B14 7RA, United Kingdom",B14 7RA,Birmingham,52.4822694,-1.8900078,52.432166,-1.895066
5554,badly wrong,dental-surgery-dentist-in-harborne,Dental Surgery | Dentist In Harborne,"213 Harborne Ln, Birmingham B29 6SS, United Kingdom",B29 6SS,Birmingham,52.4822694,-1.8900078,52.444597,-1.943838
5544,badly wrong,yew-tree-dental-care,Yew Tree Dental Care,"529 Hob Moor Rd, South Yardley, Birmingham B25 8TH, United Kingdom",B25 8TH,Birmingham,52.4822694,-1.8900078,52.466909,-1.812142
5517,badly wrong,jcandy-beauty-services-aesthetics-erdington,JCandy Beauty Services & Aesthetics - Erdington,"Beauty Services, JCandy, 6 Coton Ln, Erdington, Birmingham B23 6TP, United Kingdom",B23 6TP,Birmingham,52.4822694,-1.8900078,52.522755,-1.842883
5446,badly wrong,the-well-health-centre,The Well Health Centre,"89 Institute Rd, Kings Heath, Birmingham B14 7EU, United Kingdom",B14 7EU,Birmingham,52.4822694,-1.8900078,52.433336,-1.886591
5408,badly wrong,healing-young-minds,Healing Young Minds,"48 Fentham Rd, Hampton in Arden, Solihull B92 0AY, United Kingdom",B92 0AY,Solihull,52.411811,-1.77761,52.425552,-1.701108
5380,badly wrong,cottams-dental-harborne-dentist,Cottams Dental - Harborne Dentist,"1 St Peters Rd, Birmingham B17 0AT, United Kingdom",B17 0AT,Birmingham,52.4822694,-1.8900078,52.456002,-1.956714
5347,badly wrong,birmingham-orthotic-services,Birmingham Orthotic Services,"Hastingwood Industrial Park, Unit E10, Wood Ln, Birmingham B24 9QR, United Kingdom",B24 9QR,Birmingham,52.4822694,-1.8900078,52.511081,-1.826761
5345,badly wrong,birmingham-smile-clinic,Birmingham Smile Clinic,"1025 Stratford Rd, Birmingham B28 8BG, United Kingdom",B28 8BG,Birmingham,52.4822694,-1.8900078,52.440946,-1.849706
5236,badly wrong,hall-green-dental-practice,Hall Green Dental Practice,"214 Reddings Ln, Hall Green, Birmingham B28 8TD, United Kingdom",B28 8TD,Birmingham,52.4822694,-1.8900078,52.442356,-1.848995
5223,badly wrong,adiva-aesthetics,Adiva Aesthetics,"320 Marsh Ln, Erdington, Birmingham B23 6HP, United Kingdom",B23 6HP,Birmingham,52.4822694,-1.8900078,52.525121,-1.858395
5176,badly wrong,enable-wellness-consultancy,Enable Wellness Consultancy,"Kings Court, Centre 17 School Rd, Hall Green, Birmingham B28 8JG, United Kingdom",B28 8JG,Birmingham,52.411811,-1.77761,52.43487,-1.843916
5168,badly wrong,boon-aesthetics,Boon Aesthetics,"6 Coleshill Rd, Hodgehill, Birmingham B36 8AA, United Kingdom",B36 8AA,Birmingham,52.4822694,-1.8900078,52.494173,-1.816223
5165,badly wrong,springfield-road-dental-practice,Springfield Road Dental Practice,"2 Springfield Rd, Kings Heath, Birmingham B14 7DS, United Kingdom",B14 7DS,Birmingham,52.4822694,-1.8900078,52.435828,-1.88863
5154,badly wrong,selly-oak-dental-practice,Selly Oak Dental Practice,"476 Bristol Rd, Selly Oak, Birmingham B29 6BQ, United Kingdom",B29 6BQ,Birmingham,52.4822694,-1.8900078,52.444718,-1.934613
5139,badly wrong,sarah-raine-aesthetics,Sarah Raine Aesthetics,"1 Box Trees Rd, Hockley Heath, Dorridge, Solihull B94 6EA, United Kingdom",B94 6EA,Solihull,52.411811,-1.77761,52.365656,-1.781537
5079,badly wrong,liberty-aesthetics,Liberty Aesthetics,"81 Vivian Rd, Harborne, Birmingham B17 0DR, United Kingdom",B17 0DR,Birmingham,52.4822694,-1.8900078,52.457223,-1.95271
5055,badly wrong,aldridge-house-dental-practice-in-aldridge,Aldridge House – Dental Practice in Aldridge,"31 High St, Aldridge, Walsall WS9 8LX, United Kingdom",WS9 8LX,Walsall,52.5866367,-1.984534,52.604952,-1.916036
5009,badly wrong,nouvo-clinic,Nouvo Clinic,"34 Main St, Dickens Heath, Shirley, Solihull B90 1UA, United Kingdom",B90 1UA,Solihull,52.411811,-1.77761,52.385002,-1.836935
5009,badly wrong,heath-dental,Heath Dental,"32 Main St, Dickens Heath, Shirley, Solihull B90 1UA, United Kingdom",B90 1UA,Solihull,52.411811,-1.77761,52.385002,-1.836935
4987,wrong area,fox-goose-dental-centre,Fox & Goose Dental Centre,"5 Stechford Ln, Ward End, Birmingham B8 2AW, United Kingdom",B8 2AW,Birmingham,52.4822694,-1.8900078,52.492001,-1.818117
4977,wrong area,nyx-aesthetics,NYX Aesthetics,"Beauty By Ellie, 71 Main St, Dickens Heath, Shirley, Solihull B90 1UB, United Kingdom",B90 1UB,Solihull,52.411811,-1.77761,52.385091,-1.836465
4955,wrong area,sorelle-aesthetics-beauty-clinic,Sorelle Aesthetics & Beauty Clinic,"40 Pear Tree Dr, Birmingham B43 6HU, United Kingdom",B43 6HU,Birmingham,52.5866367,-1.984534,52.545704,-1.955566
4937,wrong area,ukskin,UKSKIN,"Eaton House, 67 Valentine Rd, Birmingham B14 7AJ, United Kingdom",B14 7AJ,Birmingham,52.4822694,-1.8900078,52.43787,-1.889845
4937,wrong area,booshtox-doctor-treated-botox-fillers-laser-by-female-staff,BooshTOX [Doctor-treated BOTOX & Fillers; Laser by Female Staff],"Pendeford Place, 3 Sidestrand, Pendeford, Wolverhampton WV9 5HD, United Kingdom",WV9 5HD,Wolverhampton,52.5868159,-2.1256587,52.628312,-2.151679
4926,wrong area,sameday-dentist-birmingham,SameDay Dentist Birmingham,"Washwood Heath Rd, Washwood Heath, Birmingham B8 2EP, United Kingdom",B8 2EP,Birmingham,52.4822694,-1.8900078,52.49372,-1.81973
4926,wrong area,wightwick-dental-practice,Wightwick Dental Practice,"301 Bridgnorth Rd, Wolverhampton WV6 8BW, United Kingdom",WV6 8BW,Wolverhampton,52.5868159,-2.1256587,52.581756,-2.198095
4902,wrong area,isabel-price,Isabel Price,"School Rd, Moseley, Birmingham B13 9TS, United Kingdom",B13 9TS,Birmingham,52.4822694,-1.8900078,52.438201,-1.888035
4818,wrong area,annabelle-aesthetics-clinic,AnnaBelle Aesthetics Clinic,"35 Kings Rd, Erdington, Birmingham B23 7JN, United Kingdom",B23 7JN,Birmingham,52.4822694,-1.8900078,52.521852,-1.861059
4793,wrong area,anchor-road-dental-practice,Anchor Road Dental Practice,"11 Anchor Rd, Aldridge, Walsall WS9 8PT, United Kingdom",WS9 8PT,Walsall,52.5866367,-1.984534,52.603723,-1.91939
4776,wrong area,tracy-gilmour-reiki-healer-and-mentor,Tracy Gilmour Reiki Healer and Mentor,"146 Shalford Rd, Solihull B92 7NG, United Kingdom",B92 7NG,Solihull,52.411811,-1.77761,52.451229,-1.805586
4749,wrong area,harborne-chiropractic-clinic,Harborne Chiropractic Clinic,"173 Knightlow Rd, Harborne, Birmingham B17 8PY, United Kingdom",B17 8PY,Birmingham,52.4822694,-1.8900078,52.467743,-1.955952
4657,wrong area,changing-faces-dentistry-harborne,Changing Faces Dentistry Harborne,"140 High St, Harborne, Birmingham B17 9NN, United Kingdom",B17 9NN,Birmingham,52.4822694,-1.8900078,52.459091,-1.947278
4652,wrong area,wellqo-wellbeing-therapy-birmingham,WellQo Wellbeing Therapy | Birmingham,"213 Millhouse Rd, Birmingham B25 8QS, United Kingdom",B25 8QS,Birmingham,52.4822694,-1.8900078,52.470066,-1.824303
4649,wrong area,the-dentists-dorridge,The Dentists Dorridge,"9 Station Approach, Dorridge, Solihull B93 8JA, United Kingdom",B93 8JA,Solihull,52.411811,-1.77761,52.372775,-1.753079
4635,wrong area,rise-aesthetics,Rise Aesthetics,"Renaissance Therapy Centre, 10A Station Rd, Harborne, Birmingham B17 9JT, United Kingdom",B17 9JT,Birmingham,52.4822694,-1.8900078,52.459882,-1.947733
4635,wrong area,renaissance-therapy-centre,Renaissance Therapy Centre,"10A Station Rd, Harborne, Birmingham B17 9JT, United Kingdom",B17 9JT,Birmingham,52.4822694,-1.8900078,52.459882,-1.947733
4606,wrong area,heavenly-aesthetics-beauty-lounge-vitamin-drips-botox-lip-filler-we-also-have-a-beauty-lounge-manicure-pedicures,Heavenly Aesthetics & Beauty lounge - Vitamin Drips - - Botox - Lip Filler we also have a Beauty lounge manicure pedicures,"484/486 Station Rd, Dorridge, Solihull B93 8HP, United Kingdom",B93 8HP,Solihull,52.411811,-1.77761,52.373055,-1.753665
4606,wrong area,ld-medical-aesthetics,LD Medical Aesthetics,"484-486 Station Rd, Dorridge, Solihull B93 8HP, United Kingdom",B93 8HP,Solihull,52.411811,-1.77761,52.373055,-1.753665
4569,wrong area,ascent-dental-care-solihull,Ascent Dental Care Solihull,"1, Arden Buildings, Station Rd, Dorridge, Solihull B93 8HH, United Kingdom",B93 8HH,Solihull,52.411811,-1.77761,52.373343,-1.753957
4552,wrong area,dental-health-care,Dental Health Care,"474 Station Rd, Dorridge, Solihull B93 8HE, United Kingdom",B93 8HE,Solihull,52.411811,-1.77761,52.373576,-1.753662
4519,wrong area,the-beauty-rooms-spa,The Beauty Rooms Spa,"264A Warstones Rd, Penn, Wolverhampton WV4 4LB, United Kingdom",WV4 4LB,Wolverhampton,52.5868159,-2.1256587,52.557596,-2.172128
4500,wrong area,one-devonshire-place-orthodontics,One Devonshire Place Orthodontics,"679 Pershore Rd, Birmingham B29 7NR, United Kingdom",B29 7NR,Birmingham,52.4822694,-1.8900078,52.444696,-1.914678
4479,wrong area,zuf-dental-care,Zuf Dental Care,"17 Poplar Rd, Dorridge, Solihull B93 8DD, United Kingdom",B93 8DD,Solihull,52.411811,-1.77761,52.374179,-1.75407
4467,wrong area,signature-orthodontics,Signature Orthodontics,"Signature Orthodontics, 63 High St, Harborne, Birmingham B17 9NS, United Kingdom",B17 9NS,Birmingham,52.4822694,-1.8900078,52.46042,-1.945348
4389,wrong area,daleswood-aesthetics,Daleswood Aesthetics,"Barn House, Barston Ln, Eastcote, Solihull B92 0JJ, United Kingdom",B92 0JJ,Solihull,52.411811,-1.77761,52.409328,-1.713037
4389,wrong area,ear-microsuction-clinic,Ear Microsuction Clinic,"Barn House, Barston Ln, Eastcote, Solihull B92 0JJ, United Kingdom",B92 0JJ,Solihull,52.411811,-1.77761,52.409328,-1.713037
4389,wrong area,daleswood-health,Daleswood Health,"Barn House, Barston Ln, Eastcote, Solihull B92 0JJ, United Kingdom",B92 0JJ,Solihull,52.411811,-1.77761,52.409328,-1.713037
4375,wrong area,reflection-aesthetics,Reflection Aesthetics,"West Midlands House, Gipsy Ln, Willenhall WV13 2HA, United Kingdom",WV13 2HA,Willenhall,52.5866367,-1.984534,52.582578,-2.048949
4348,wrong area,think-psychology,Think Psychology,"7 High St, Harborne, Birmingham B17 9NT, United Kingdom",B17 9NT,Birmingham,52.4822694,-1.8900078,52.460977,-1.943847
4346,wrong area,the-university-dental-and-implant-centre,The University Dental and Implant Centre,"5 Pritchatts Rd, Birmingham B15 2QU, United Kingdom",B15 2QU,Birmingham,52.4822694,-1.8900078,52.456371,-1.938054
4289,wrong area,handsworth-wood-dental-practice-handsworth-wood-dentist,Handsworth Wood Dental Practice - Handsworth Wood Dentist,"94, 94 Church Ln, Handsworth, Handsworth Wood, Birmingham B20 2ES, United Kingdom",B20 2ES,Birmingham,52.4822694,-1.8900078,52.513048,-1.928191
4276,wrong area,drs-s-n-waddell,Drs S & N Waddell,"1 Nursery Rd, Edgbaston, Birmingham B15 3JX, United Kingdom",B15 3JX,Birmingham,52.4822694,-1.8900078,52.461894,-1.943551
4263,wrong area,dentelle-aesthetics,Dentelle Aesthetics,"Dentelle Aesthetics, Dorridge, Solihull B93 8DA, United Kingdom",B93 8DA,Solihull,52.411811,-1.77761,52.375365,-1.758103
4232,wrong area,sheleen-welborn-counselling-psychotherapy-pelsall-walsall-west-midlands,"Sheleen Welborn Counselling & Psychotherapy- Pelsall, Walsall, West Midlands","Spring Ln, Shelfield, Pelsall, Walsall WS4 1AT, United Kingdom",WS4 1AT,Walsall,52.5866367,-1.984534,52.62022,-1.955062
4199,wrong area,downing-dental,Downing Dental,"1 Downing Cl, Knowle, Solihull B93 0QA, United Kingdom",B93 0QA,Solihull,52.411811,-1.77761,52.379814,-1.744754
4179,wrong area,bv-aesthetics,BV Aesthetics,"48 Goodby Rd, Birmingham B13 8NJ, United Kingdom",B13 8NJ,Birmingham,52.4822694,-1.8900078,52.445804,-1.904936
4177,wrong area,emma-deacon-facial-aesthetics,Emma Deacon Facial Aesthetics,"Kingscote Rd, Birmingham B15 3JY, United Kingdom",B15 3JY,Birmingham,52.4822694,-1.8900078,52.46272,-1.942667
4083,wrong area,creative-beauty-boutique,Creative Beauty Boutique,"195 Blackhalve Ln, Wednesfield, Wolverhampton WV11 1AH, United Kingdom",WV11 1AH,Wolverhampton,52.5868159,-2.1256587,52.616293,-2.089618
4078,wrong area,the-elite-clinic,The Elite Clinic,"2 Milverton Villas, 2 Wilsons Rd, Solihull B93 0HZ, United Kingdom",B93 0HZ,Solihull,52.411811,-1.77761,52.38751,-1.732588
4048,wrong area,active-clinics-hyperbaric-therapy-injury-pain-management,"Active Clinics - Hyperbaric therapy, Injury & Pain Management","273 Hagley Rd, Birmingham B16 9NB, United Kingdom",B16 9NB,Birmingham,52.4822694,-1.8900078,52.472099,-1.947395
4019,wrong area,sparkhill-dental-surgery,Sparkhill Dental Surgery,"604 Stratford Rd, Birmingham B11 4AP, United Kingdom",B11 4AP,Birmingham,52.4822694,-1.8900078,52.45006,-1.86308
4014,wrong area,hampton-clinic,Hampton Clinic,"14 Station Rd, Knowle, Solihull B93 0HT, United Kingdom",B93 0HT,Solihull,52.411811,-1.77761,52.386939,-1.734737
3991,wrong area,calm-collective-therapy,Calm Collective Therapy,"1694 High St, Knowle, Solihull B93 0LY, United Kingdom",B93 0LY,Solihull,52.411811,-1.77761,52.387702,-1.734027
3982,wrong area,aesthetic-dental-and-implant-surgery,Aesthetic Dental and Implant Surgery,"8JS, 9 Salisbury Rd, Moseley, Birmingham B13 8JS, United Kingdom",B13 8JS,Birmingham,52.4822694,-1.8900078,52.446456,-1.889574
3976,wrong area,birmingham-dental-hospital,Birmingham Dental Hospital,"5 Mill Pool Way, Birmingham B5 7EG, United Kingdom",B5 7EG,Birmingham,52.4822694,-1.8900078,52.45037,-1.916521
3961,wrong area,changing-faces-dentistry-knowle,Changing Faces Dentistry Knowle,"51 Station Rd, Knowle, Solihull B93 0HN, United Kingdom",B93 0HN,Solihull,52.411811,-1.77761,52.386216,-1.737004
3944,wrong area,hapi-dental-sohal-dental-practice,HAPI Dental (Sohal Dental Practice),"271 Soho Rd, Birmingham B21 9SA, United Kingdom",B21 9SA,Birmingham,52.4822694,-1.8900078,52.50355,-1.936618
3924,wrong area,solihull-couture-brows-aesthetics,SOLIHULL COUTURE BROWS & AESTHETICS,"5 Newborough Rd, Shirley, Solihull B90 2HA, United Kingdom",B90 2HA,Solihull,52.411811,-1.77761,52.41162,-1.835456
3893,wrong area,cosmederm-clinic,Cosmederm Clinic,"Skin Connect Clinic, 1564 Stratford Rd, Birmingham, Solihull B28 9HA, United Kingdom",B28 9HA,Solihull,52.411811,-1.77761,52.420364,-1.833277
3829,wrong area,clinique-modele-aesthetics,Clinique Modele Aesthetics,"10 School Rd, Tettenhall Wood, Wolverhampton WV6 8EJ, United Kingdom",WV6 8EJ,Wolverhampton,52.5868159,-2.1256587,52.590529,-2.182015
3799,wrong area,hakimi-dental-clinic,Hakimi Dental Clinic,"51A New Birmingham Rd, Tividale, Oldbury B69 2JQ, United Kingdom",B69 2JQ,Oldbury,52.5361674,-2.010793,52.506204,-2.03777
3779,wrong area,dental-health-stop,Dental Health Stop,"9-10 Three Tuns Parade, Stafford Rd, Oxley, Wolverhampton WV10 6BA, United Kingdom",WV10 6BA,Wolverhampton,52.5868159,-2.1256587,52.620733,-2.129259
3763,wrong area,the-sculpt-clinic,The Sculpt Clinic,"11 Richmond Rd, Solihull B92 7RN, United Kingdom",B92 7RN,Solihull,52.411811,-1.77761,52.440999,-1.805705
3755,wrong area,solihull-autism-assessment-service,Solihull Autism Assessment Service,"Greville Court, 1665 High St, Knowle, Solihull B93 0LL, United Kingdom",B93 0LL,Solihull,52.411811,-1.77761,52.389988,-1.73538
3724,wrong area,ann-glamour-beauty,Ann Glamour Beauty,"254 Gospel Ln, Solihull, Birmingham B27 7AH, United Kingdom",B27 7AH,Birmingham,52.411811,-1.77761,52.435496,-1.816437
3703,wrong area,city-dental-practice,City Dental Practice,"364 Dudley Rd, Birmingham B18 4HJ, United Kingdom",B18 4HJ,Birmingham,52.4822694,-1.8900078,52.486698,-1.944211
3669,wrong area,clearer-view-counselling-wolverhampton,Clearer View Counselling (Wolverhampton),"Westacre Cres, Wolverhampton WV3 9AY, United Kingdom",WV3 9AY,Wolverhampton,52.5868159,-2.1256587,52.580241,-2.178873
3650,wrong area,brij-dhody-dental-practice,Brij Dhody Dental Practice,"2 Bhylls Ln, Wolverhampton WV3 8DH, United Kingdom",WV3 8DH,Wolverhampton,52.5868159,-2.1256587,52.571744,-2.173645
3650,wrong area,stephen-cowley-dental-surgery,Stephen Cowley Dental Surgery,"3 Bhylls Ln, Wolverhampton WV3 8DH, United Kingdom",WV3 8DH,Wolverhampton,52.5868159,-2.1256587,52.571744,-2.173645
3627,wrong area,claregate-dental-practice,Claregate Dental Practice,"65 Pendeford Ave, Tettenhall, Wolverhampton WV6 9EH, United Kingdom",WV6 9EH,Wolverhampton,52.5868159,-2.1256587,52.611182,-2.161367
3611,wrong area,katy-victoria-beauty-aesthetics,Katy Victoria Beauty & Aesthetics,"60 Stratford Rd, Shirley, Solihull B90 3LP, United Kingdom",B90 3LP,Solihull,52.411811,-1.77761,52.416395,-1.830322
3586,wrong area,aesthetics-dental-and-implant-surgery,Aesthetics Dental and Implant Surgery,"498 Stafford Rd, Oxley, Wolverhampton WV10 6AN, United Kingdom",WV10 6AN,Wolverhampton,52.5868159,-2.1256587,52.618961,-2.12986
3549,wrong area,lavandula-blu-beauty-holistic-therapies,Lavandula Blu Beauty & Holistic Therapies,"55 Lichfield Rd, Wednesfield, Wolverhampton WV11 1TW, United Kingdom",WV11 1TW,Wolverhampton,52.5868159,-2.1256587,52.602698,-2.080081
3541,wrong area,dovedale-dental-practice,Dovedale Dental Practice,"90 Dovedale Rd, Lanesfield, Wolverhampton WV4 6RA, United Kingdom",WV4 6RA,Wolverhampton,52.5868159,-2.1256587,52.555462,-2.116456
3511,wrong area,metrospa-aesthetics,MetroSpa - Aesthetics,"Unit 4, Chad Square, Hawthorne Rd, Birmingham B15 3TQ, United Kingdom",B15 3TQ,Birmingham,52.4822694,-1.8900078,52.467131,-1.935507
3511,wrong area,the-glow-room-solihull,The Glow Room Solihull,"172 Mayswood Rd, Solihull B92 9JF, United Kingdom",B92 9JF,Solihull,52.411811,-1.77761,52.443384,-1.776829
3487,wrong area,omarosa-beauty-laser-clinic,Omarosa Beauty & Laser Clinic,"126-128 Stratford Rd, Shirley, Solihull B90 3BB, United Kingdom",B90 3BB,Solihull,52.411811,-1.77761,52.414487,-1.82883
3440,wrong area,portland-dental-practice,Portland Dental Practice,"17 Portland Rd, Birmingham B16 9HN, United Kingdom",B16 9HN,Birmingham,52.4822694,-1.8900078,52.473075,-1.938502
3428,wrong area,vx-aesthetics-walsall,VX Aesthetics Walsall,"42 Redwood Rd, Walsall WS5 4LB, United Kingdom",WS5 4LB,Walsall,52.5866367,-1.984534,52.559379,-1.960832
3414,wrong area,lunar-aesthetics,Lunar Aesthetics,"35 Calthorpe Rd, Park Hall Rd, Walsall WS5 3LY, United Kingdom",WS5 3LY,Walsall,52.5866367,-1.984534,52.568775,-1.943444
3408,wrong area,trancescend-therapy-services-robert-rutherford,Trancescend Therapy services - Robert Rutherford,"49 Dewsbury Dr, Wolverhampton WV4 5RH, United Kingdom",WV4 5RH,Wolverhampton,52.5868159,-2.1256587,52.558138,-2.143456
3398,wrong area,aj-creative-counselling,AJ Creative Counselling,"22 Oxley Moor Rd, Oxley, Wolverhampton WV10 6TU, United Kingdom",WV10 6TU,Wolverhampton,52.5868159,-2.1256587,52.616852,-2.13489
3385,wrong area,solihull-ear-wax-removal-microsuction,Solihull Ear Wax Removal & Microsuction,"The Treatment Rooms, 1619 Warwick Rd, Knowle, Solihull B93 9LF, United Kingdom",B93 9LF,Solihull,52.411811,-1.77761,52.392218,-1.739422
3382,wrong area,efface-aesthetics,Efface Aesthetics,"The Ciba Building, 146 Hagley Rd, Birmingham B16 9NX, United Kingdom",B16 9NX,Birmingham,52.4822694,-1.8900078,52.471591,-1.936767
3382,wrong area,mydentist-soho-road-dental-practice,"Mydentist , Soho Road Dental Practice","78 Soho Rd, Handsworth, Birmingham B21 9BN, United Kingdom",B21 9BN,Birmingham,52.4822694,-1.8900078,52.50216,-1.927796
3382,wrong area,oaktree-connect,Oaktree Connect,"Suite 100, 1st Floor, CIBA Building, 146 Hagley Rd, Birmingham B16 9NX, United Kingdom",B16 9NX,Birmingham,52.4822694,-1.8900078,52.471591,-1.936767
3363,wrong area,urban-body-aesthetics,Urban Body Aesthetics,"179 Warwick Rd, Olton, Solihull B92 7AW, United Kingdom",B92 7AW,Solihull,52.411811,-1.77761,52.43715,-1.804692
3349,wrong area,cannock-road-dental-practice,Cannock Road Dental Practice,"108-110 Cannock Rd, Wolverhampton WV10 8PW, United Kingdom",WV10 8PW,Wolverhampton,52.5868159,-2.1256587,52.612357,-2.099387
3303,wrong area,jonathan-stevenson-orthopaedic-surgeon,Jonathan Stevenson - Orthopaedic Surgeon,"The Harborne Hospital, Mindelsohn Way, Birmingham B15 2FQ, United Kingdom",B15 2FQ,Birmingham,52.4822694,-1.8900078,52.459652,-1.921611
3281,wrong area,488-smile-avenue,488 Smile Avenue,"488 Bordesley Grn, Birmingham B9 5PA, United Kingdom",B9 5PA,Birmingham,52.4822694,-1.8900078,52.47864,-1.841922
3276,wrong area,beauty-label-aesthetics,Beauty Label Aesthetics,"34 Dene Ct Rd, Solihull B92 8DL, United Kingdom",B92 8DL,Solihull,52.411811,-1.77761,52.438532,-1.797948
3234,wrong area,cabelo-unisex-hair-salon-footcare-beauty-aesthetics-and-wellness-hub,"Cabelo Unisex Hair Salon, Footcare, Beauty, Aesthetics and Wellness Hub","23 Limes Rd, Tettenhall, Wolverhampton WV6 8QZ, United Kingdom",WV6 8QZ,Wolverhampton,52.5868159,-2.1256587,52.598081,-2.169793
3234,wrong area,lemon-tree-therapy,Lemon Tree Therapy,"Limes Rd, Tettenhall, Wolverhampton WV6 8QZ, United Kingdom",WV6 8QZ,Wolverhampton,52.5868159,-2.1256587,52.598081,-2.169793
3217,wrong area,philip-toozs-hobson,Philip Toozs Hobson,"19 Priory Rd, Edgbaston, Birmingham B5 7UG, United Kingdom",B5 7UG,Birmingham,52.4822694,-1.8900078,52.456444,-1.911418
3217,wrong area,the-endometriosis-clinic,The Endometriosis Clinic,"The Priory Hospital, Priory Rd, Edgbaston, Birmingham B5 7UG, United Kingdom",B5 7UG,Birmingham,52.4822694,-1.8900078,52.456444,-1.911418
3217,wrong area,birmingham-knee-and-shoulder-clinic,Birmingham Knee and Shoulder Clinic,"BMI Priory Hospital, Birmingham B5 7UG, United Kingdom",B5 7UG,Birmingham,52.4822694,-1.8900078,52.456444,-1.911418
3217,wrong area,mr-callum-mcbryde,Mr Callum McBryde,"Orthopaedic Department, BMI The Priory Hospital, Priory Road, Edgbaston, Birmingham B5 7UG, United Kingdom",B5 7UG,Birmingham,52.4822694,-1.8900078,52.456444,-1.911418
3203,wrong area,yew-tree-dental-surgery,Yew Tree Dental Surgery,"24 Maple Dr, Walsall WS5 4JJ, United Kingdom",WS5 4JJ,Walsall,52.5866367,-1.984534,52.561132,-1.962512
3186,wrong area,interhearing-advanced-hearing-services,Interhearing - Advanced Hearing Services,"Nuffield Health Hospital, Wood Rd, Wolverhampton WV6 8LE, United Kingdom",WV6 8LE,Wolverhampton,52.5868159,-2.1256587,52.593476,-2.171532
3173,wrong area,fraser-dental,Fraser Dental,"78 Harborne Rd, Birmingham B15 3HN, United Kingdom",B15 3HN,Birmingham,52.4822694,-1.8900078,52.468693,-1.931207
3158,wrong area,dermaesthetix-uk,Dermaesthetix UK,"4a High St, West Bromwich B70 6JX, United Kingdom",B70 6JX,West Bromwich,52.5361674,-2.010793,52.512745,-1.98439
3126,wrong area,inscribed-cosmetics,Inscribed cosmetics,"1st & 2nd Floor, 28 High St, Tettenhall, Wolverhampton WV6 8QT, United Kingdom",WV6 8QT,Wolverhampton,52.5868159,-2.1256587,52.59767,-2.168344
3105,wrong area,rlo-aesthetics,Rlo Aesthetics,"16 Knightsbridge Rd, Solihull B92 8RL, United Kingdom",B92 8RL,Solihull,52.411811,-1.77761,52.437333,-1.796174
3076,wrong area,jas-sanghera-aesthetics,Jas Sanghera Aesthetics,"56 Abbots Cl, Knowle, Solihull B93 9PP, United Kingdom",B93 9PP,Solihull,52.411811,-1.77761,52.393172,-1.744105
3069,wrong area,park-dental-surgery,Park Dental Surgery,"628 Coventry Rd, Birmingham B10 0UT, United Kingdom",B10 0UT,Birmingham,52.4822694,-1.8900078,52.467604,-1.851618
3068,wrong area,solihull-cbt,Solihull CBT,"63 Cropthorne Rd, Shirley, Solihull B90 3JW, United Kingdom",B90 3JW,Solihull,52.411811,-1.77761,52.412231,-1.82284
3060,wrong area,the-d-ntal-clinic,The D:NTAL Clinic,"25 High St, West Bromwich B70 6PJ, United Kingdom",B70 6PJ,West Bromwich,52.5361674,-2.010793,52.513581,-1.98495
3059,wrong area,halo-house-of-beauty,Halo House of Beauty,"15 Liskeard Rd, Walsall WS5 3EY, United Kingdom",WS5 3EY,Walsall,52.5866367,-1.984534,52.571941,-1.946258
3036,wrong area,antrim-house-dental-practice,Antrim House Dental Practice,"88 Old Fallings Ln, Wolverhampton WV10 8BN, United Kingdom",WV10 8BN,Wolverhampton,52.5868159,-2.1256587,52.611245,-2.105587
3023,wrong area,achieve-aesthetics-birmingham,Achieve Aesthetics Birmingham,"6 Vicarage Rd, Birmingham B15 3ES, United Kingdom",B15 3ES,Birmingham,52.4822694,-1.8900078,52.470328,-1.9301
2969,wrong area,solihull-mind,Solihull Mind,"14-16 Faulkner Rd, Solihull B92 8SY, United Kingdom",B92 8SY,Solihull,52.411811,-1.77761,52.438149,-1.784843
2917,wrong area,mydentist-birchfield-dental-practice,"Mydentist, Birchfield Dental Practice","195-197, The Parade, Birchfield Gdns, Handsworth, Birmingham B19 1LL, United Kingdom",B19 1LL,Birmingham,52.4822694,-1.8900078,52.507374,-1.902521
2917,wrong area,novos-dental-clinic,Novos Dental Clinic,"191-193 Birchfield Rd, Handsworth, Birmingham B19 1LL, United Kingdom",B19 1LL,Birmingham,52.4822694,-1.8900078,52.507374,-1.902521
2903,wrong area,optimal-beauty-and-training,OPTIMAL Beauty And Training,"Goodwood Dr, Wolverhampton WV10 6GH, United Kingdom",WV10 6GH,Wolverhampton,52.5868159,-2.1256587,52.612924,-2.126016
2883,wrong area,pelsall-lane-dental-practice,Pelsall Lane Dental Practice,"33B Pelsall Ln, Rushall, Walsall WS4 1NA, United Kingdom",WS4 1NA,Walsall,52.5866367,-1.984534,52.608311,-1.961099
2878,wrong area,faciem-dermatology-birmingham-chamberlain-clinic,Faciem Dermatology Birmingham @Chamberlain Clinic,"81 Harborne Rd, Edgbaston, Birmingham B15 3HG, United Kingdom",B15 3HG,Birmingham,52.4822694,-1.8900078,52.470102,-1.92751
2878,wrong area,ronan-tracey,Ronan Tracey,"81 Harborne Rd, Birmingham B15 3HG, United Kingdom",B15 3HG,Birmingham,52.4822694,-1.8900078,52.470102,-1.92751
2878,wrong area,dr-lisa-brownell-frcpsych-edgbaston-consultants,Dr. Lisa Brownell FRCPsych Edgbaston Consultants,"81 Harborne Rd, Birmingham B15 3HG, United Kingdom",B15 3HG,Birmingham,52.4822694,-1.8900078,52.470102,-1.92751
2854,wrong area,premier-dental-care,Premier Dental Care,"3 Bloxwich Ln, Bloxwich, Walsall WS2 7JS, United Kingdom",WS2 7JS,Walsall,52.5866367,-1.984534,52.605449,-2.013285
2845,wrong area,st-judes-womens-hospital,St Judes Womens Hospital,"263 Penn Rd, Wolverhampton WV4 5SF, United Kingdom",WV4 5SF,Wolverhampton,52.5868159,-2.1256587,52.564813,-2.147136
2844,wrong area,skin-deep,Skin Deep,"87 Solihull Rd, Shirley, Solihull B90 3HJ, United Kingdom",B90 3HJ,Solihull,52.411811,-1.77761,52.411776,-1.819534
2842,wrong area,denturly-birmingham,Denturly Birmingham,"90 Hagley Rd, Birmingham B16 8LU, United Kingdom",B16 8LU,Birmingham,52.4822694,-1.8900078,52.471631,-1.928155
2799,wrong area,kelly-louise-aesthetics,Kelly Louise Aesthetics,"First Floor, Kelly Louise Aesthetics, 1 Lowlands Ave, Tettenhall, Wolverhampton WV6 9PA, United Kingdom",WV6 9PA,Wolverhampton,52.5868159,-2.1256587,52.602944,-2.157468
2783,wrong area,amstarlips,AMstarLips,"155 Lichfield Rd, Rushall, Walsall WS4 1HA, United Kingdom",WS4 1HA,Walsall,52.5866367,-1.984534,52.607133,-1.960879
2772,wrong area,highfield-dental-clinic-edgbaston,Highfield Dental Clinic Edgbaston,"2 Highfield Rd, Birmingham B15 3ED, United Kingdom",B15 3ED,Birmingham,52.4822694,-1.8900078,52.471036,-1.926551
2745,wrong area,aesthetics-wellness-clinic,Aesthetics & Wellness Clinic,"Showell Circus, Wolverhampton WV10 9BA, United Kingdom",WV10 9BA,Wolverhampton,52.5868159,-2.1256587,52.610232,-2.112791
2742,wrong area,contored-cosmetics-uk,Contored cosmetics uk,"4A Park Ave, Goldthorn Park, Wolverhampton WV4 5AL, United Kingdom",WV4 5AL,Wolverhampton,52.5868159,-2.1256587,52.562378,-2.131049
2740,wrong area,synergy-dental-birmingham,Synergy Dental Birmingham,"Soho Wharf, 53 Hooper St, Dudley Rd, Birmingham B18 7AP, United Kingdom",B18 7AP,Birmingham,52.4822694,-1.8900078,52.485629,-1.930091
2725,wrong area,olive-tree-therapy-solutions,Olive Tree Therapy Solutions,"196-198 Edward Rd, Balsall Heath, Birmingham B12 9LX, United Kingdom",B12 9LX,Birmingham,52.4822694,-1.8900078,52.457895,-1.894123
2717,wrong area,walsall-nhs-podiatry-department-bentley-health-centre,Walsall NHS Podiatry Department: Bentley Health Centre,"Churchill Rd, Walsall WS2 0BA, United Kingdom",WS2 0BA,Walsall,52.5866367,-1.984534,52.589175,-2.024528
2715,wrong area,birmingham-psychiatry-clinic,Birmingham Psychiatry Clinic,"38 Harborne Rd, Birmingham B15 3EB, United Kingdom",B15 3EB,Birmingham,52.4822694,-1.8900078,52.46974,-1.924419
2711,wrong area,renew-glow-clinic,Renew Glow Clinic,"131 Union Rd, Shirley, Solihull B90 3BZ, United Kingdom",B90 3BZ,Solihull,52.411811,-1.77761,52.404758,-1.815873
2698,wrong area,dr-bruno-silva-neuropsychiatrist-brain-matters,Dr Bruno Silva Neuropsychiatrist Brain Matters,"Brain Matters, Radclyffe House, 66-68 Hagley Rd, Birmingham B16 8PF, United Kingdom",B16 8PF,Birmingham,52.4822694,-1.8900078,52.471719,-1.925888
2664,wrong area,mr-amit-parmar-ent,Mr Amit Parmar ENT,"Highfield Clinic, 23A Highfield Rd, Birmingham B15 3DP, United Kingdom",B15 3DP,Birmingham,52.4822694,-1.8900078,52.469281,-1.923066
2664,wrong area,mr-jonathan-fussey-ent,Mr Jonathan Fussey ENT,"Highfield Clinic, 23A Highfield Rd, Birmingham B15 3DP, United Kingdom",B15 3DP,Birmingham,52.4822694,-1.8900078,52.469281,-1.923066
2664,wrong area,dr-grisham-smotra-gynaecology,Dr Grisham Smotra Gynaecology,"Highfield Clinic, 23a Highfield Rd, Edgbaston, Birmingham B15 3DP, United Kingdom",B15 3DP,Birmingham,52.4822694,-1.8900078,52.469281,-1.923066
2664,wrong area,dr-kausik-das-gynaecology,Dr Kausik Das Gynaecology,"Highfield Clinic, 23a Highfield Rd, Edgbaston, Birmingham B15 3DP, United Kingdom",B15 3DP,Birmingham,52.4822694,-1.8900078,52.469281,-1.923066
2664,wrong area,dr-christos-kasparis,Dr Christos Kasparis,"Midland Health, 23a Highfield Rd, Birmingham B15 3DP, United Kingdom",B15 3DP,Birmingham,52.4822694,-1.8900078,52.469281,-1.923066
2664,wrong area,ihya-house-of-aesthetics,Ihya House of Aesthetics,"25 Highfield Rd, Edgbaston, Birmingham B15 3DP, United Kingdom",B15 3DP,Birmingham,52.4822694,-1.8900078,52.469281,-1.923066
2664,wrong area,sarah-barker-speech-and-language-therapist,Sarah Barker Speech and Language Therapist,"Highfield Clinic, 23A Highfield Rd, Birmingham B15 3DP, United Kingdom",B15 3DP,Birmingham,52.4822694,-1.8900078,52.469281,-1.923066
2662,wrong area,jude-scott-intuitive-living,Jude Scott - Intuitive Living,"113 Reservoir Rd, Solihull B92 8AW, United Kingdom",B92 8AW,Solihull,52.411811,-1.77761,52.433366,-1.794677
2631,wrong area,dr-knowles-aesthetics,Dr Knowles Aesthetics,"21 Rotton Park St, Birmingham B16 0AE, United Kingdom",B16 0AE,Birmingham,52.4822694,-1.8900078,52.482419,-1.928859
2600,wrong area,wolverhampton-ms-therapy-centre,Wolverhampton MS Therapy Centre,"Tettenhall Rd, Wolverhampton WV6 0JT, United Kingdom",WV6 0JT,Wolverhampton,52.5868159,-2.1256587,52.596431,-2.160736
2586,wrong area,la-skin-laser-clinic,LA Skin Laser Clinic,"38 Calthorpe Rd, Birmingham B15 1TS, United Kingdom",B15 1TS,Birmingham,52.4822694,-1.8900078,52.468875,-1.921226
2586,wrong area,edgbaston-smile-clinic-birmingham-dentist,Edgbaston Smile Clinic - Birmingham Dentist,"43 Calthorpe Rd, Birmingham B15 1TS, United Kingdom",B15 1TS,Birmingham,52.4822694,-1.8900078,52.468875,-1.921226
2586,wrong area,ora-dental,Ora Dental,"43 Calthorpe Rd, Edgbaston, Birmingham B15 1TS, United Kingdom",B15 1TS,Birmingham,52.4822694,-1.8900078,52.468875,-1.921226
2586,wrong area,fresh-aesthetics,Fresh Aesthetics,"7 Elmdon Coppice, Solihull B92 0PL, United Kingdom",B92 0PL,Solihull,52.411811,-1.77761,52.430856,-1.755713
2578,wrong area,edgbaston-wellness-clinic,Edgbaston Wellness Clinic,"11 Greenfield Cres, Birmingham B15 3AU, United Kingdom",B15 3AU,Birmingham,52.4822694,-1.8900078,52.469874,-1.922181
2572,wrong area,phinity-therapy-psychotherapy-counselling-birmingham,Phinity Therapy - Psychotherapy Counselling Birmingham,"95 Hagley Rd, Birmingham B16 8LA, United Kingdom",B16 8LA,Birmingham,52.4822694,-1.8900078,52.472419,-1.92437
2545,wrong area,doll-aesthetics,DOLL AESTHETICS,"Bredon House, 321 Tettenhall Rd, Tettenhall, Wolverhampton WV6 0JZ, United Kingdom",WV6 0JZ,Wolverhampton,52.5868159,-2.1256587,52.596711,-2.15963
2545,wrong area,sonia-dale-clinic,Sonia Dale Clinic,"337 Tettenhall Rd, Tettenhall, Wolverhampton WV6 0JZ, United Kingdom",WV6 0JZ,Wolverhampton,52.5868159,-2.1256587,52.596711,-2.15963
2544,wrong area,mel-riley,Mel Riley,"Laburnum Rd, Stow Heath, Wolverhampton WV1 2TJ, United Kingdom",WV1 2TJ,Wolverhampton,52.5868159,-2.1256587,52.576322,-2.092193
2492,wrong area,beautoxology,beautoxology,"295 - 297 Newbridge Cres, Tettenhall Rd, Tettenhall, Wolverhampton WV6 0LB, United Kingdom",WV6 0LB,Wolverhampton,52.5868159,-2.1256587,52.596424,-2.158994
2484,wrong area,mr-p-holden-wolverhampton-dental,Mr P Holden - Wolverhampton Dental,"21 Raynor Rd, Wolverhampton WV10 9QU, United Kingdom",WV10 9QU,Wolverhampton,52.5868159,-2.1256587,52.60586,-2.10643
2484,wrong area,wolverhampton-dental,Wolverhampton Dental,"21 Raynor Rd, Wolverhampton WV10 9QU, United Kingdom",WV10 9QU,Wolverhampton,52.5868159,-2.1256587,52.60586,-2.10643
2471,wrong area,midlands-womens-health,Midlands Womens Health,"20 Calthorpe Rd, Birmingham B15 1RP, United Kingdom",B15 1RP,Birmingham,52.4822694,-1.8900078,52.469414,-1.919768
2462,wrong area,hydrafacial-birmingham,HydraFacial Birmingham,"Edgbaston Medical Village, 48 Calthorpe Rd, Birmingham B15 1TH, United Kingdom",B15 1TH,Birmingham,52.4822694,-1.8900078,52.470151,-1.920429
2462,wrong area,earwax-specialist,Earwax Specialist,"51-52 Calthorpe Rd, Birmingham B15 1TH, United Kingdom",B15 1TH,Birmingham,52.4822694,-1.8900078,52.470151,-1.920429
2462,wrong area,border-line-personality-disorder-birmingham,Border Line Personality Disorder Birmingham,"Quadrant Court, 51-52 Calthorpe Rd, Birmingham B15 1TH, United Kingdom",B15 1TH,Birmingham,52.4822694,-1.8900078,52.470151,-1.920429
2462,wrong area,dr-faisal-mir-bsc-hons-dclinpsych,"Dr Faisal Mir Bsc Hons, DClinPsych","Quadrant Court, 52 Calthorpe Rd, Birmingham B15 1TH, United Kingdom",B15 1TH,Birmingham,52.4822694,-1.8900078,52.470151,-1.920429
2462,wrong area,natasha-williams-therapy,Natasha Williams Therapy,"Suite 9, Quadrant Court, 51/52 Calthorpe Rd, Birmingham B15 1TH, United Kingdom",B15 1TH,Birmingham,52.4822694,-1.8900078,52.470151,-1.920429
2462,wrong area,qaya-clinic-prp-prf-microneedling-hydrafacial-hijama-cupping-lymphatic-massage-vampire-facial-birmingham,"Qaya Clinic - PRP, PRF, Microneedling, HydraFacial, Hijama Cupping, Lymphatic Massage, Vampire Facial Birmingham","48 Calthorpe Rd, Birmingham B15 1TH, United Kingdom",B15 1TH,Birmingham,52.4822694,-1.8900078,52.470151,-1.920429
2462,wrong area,restore-harmony,Restore Harmony,"49, Quadrant Court, Calthorpe Rd, Edgbaston, Birmingham B15 1TH, United Kingdom",B15 1TH,Birmingham,52.4822694,-1.8900078,52.470151,-1.920429
2462,wrong area,working-minds-uk,Working Minds UK,"Quadrant Court, 49 Calthorpe Rd, Birmingham B15 1TH, United Kingdom",B15 1TH,Birmingham,52.4822694,-1.8900078,52.470151,-1.920429
2461,wrong area,soul-2-soul-counselling-and-holistic-therapies,Soul 2 Soul Counselling and Holistic Therapies,"Fifth Ave, Wolverhampton WV10 9JX, United Kingdom",WV10 9JX,Wolverhampton,52.5868159,-2.1256587,52.607705,-2.113626
2460,wrong area,schon-aesthetic-clinic-birmingham,Schon Aesthetic Clinic Birmingham,"83-85 Hagley Rd, Birmingham B16 8QG, United Kingdom",B16 8QG,Birmingham,52.4822694,-1.8900078,52.472526,-1.922618
2379,wrong area,aesthetics-hair,Aesthetics Hair,"347 Warwick Rd, Solihull B91 1BQ, United Kingdom",B91 1BQ,Solihull,52.411811,-1.77761,52.429272,-1.797873
2364,wrong area,finest-touch-cosmetic-enhancement-clinic,Finest Touch Cosmetic Enhancement Clinic.,"206 Hordern Rd, Wolverhampton WV6 0HA, United Kingdom",WV6 0HA,Wolverhampton,52.5868159,-2.1256587,52.600028,-2.153087
2311,wrong area,broadway-dental-suite,Broadway Dental Suite,"25 Cope St, Birmingham B18 7BA, United Kingdom",B18 7BA,Birmingham,52.4822694,-1.8900078,52.482794,-1.924117
2305,wrong area,khd-aesthetics,KHD Aesthetics,"22 George Rd, Birmingham B15 1PJ, United Kingdom",B15 1PJ,Birmingham,52.4822694,-1.8900078,52.468665,-1.915677
2301,wrong area,adrian-thomas-soft-tissue-therapy,Adrian Thomas Soft Tissue Therapy,"Edgbaston Quaker Meeting House, 11 St James Rd, Birmingham B15 1JP, United Kingdom",B15 1JP,Birmingham,52.4822694,-1.8900078,52.469267,-1.916442
2254,wrong area,coventry-road-dental,Coventry Road Dental,"410 Coventry Rd, Small Heath, Birmingham B10 0UF, United Kingdom",B10 0UF,Birmingham,52.4822694,-1.8900078,52.471356,-1.861969
2250,wrong area,nicky-tye-aesthetics,Nicky Tye Aesthetics,"Damson Ln, Solihull B92 9LD, United Kingdom",B92 9LD,Solihull,52.411811,-1.77761,52.430252,-1.763967
2242,wrong area,central-england-specialist-referral-centre,Central England Specialist Referral Centre,"The Pavilions, 11 Cranmore Dr, Shirley, Solihull B90 4SB, United Kingdom",B90 4SB,Solihull,52.411811,-1.77761,52.400606,-1.805087
2234,wrong area,solihull-aesthetics,Solihull Aesthetics,"Rowlands Cres, Solihull B91 2JF, United Kingdom",B91 2JF,Solihull,52.411811,-1.77761,52.431672,-1.782624
2232,wrong area,face-fairy-aesthetics,Face Fairy Aesthetics,"48 Lloyd St, West Bromwich B71 4AT, United Kingdom",B71 4AT,West Bromwich,52.5361674,-2.010793,52.522913,-1.986008
2232,wrong area,laurie-maes-aesthetics,Laurie Maes Aesthetics,"70 Yoxall Rd, Shirley, Solihull B90 3RP, United Kingdom",B90 3RP,Solihull,52.411811,-1.77761,52.408993,-1.810196
2227,wrong area,cole-aesthetics-clinic-ltd,Cole Aesthetics Clinic Ltd.,"17 Cornwall Rd, Walsall WS5 3PD, United Kingdom",WS5 3PD,Walsall,52.5866367,-1.984534,52.573583,-1.959536
2209,wrong area,dr-ana-a-the-skin-clinic-medical-aesthetics-wellness-centre,Dr Ana â? The Skin Clinic: Medical Aesthetics & Wellness Centre,"3 Calthorpe Rd, Birmingham B15 1QP, United Kingdom",B15 1QP,Birmingham,52.4822694,-1.8900078,52.472091,-1.918026
2209,wrong area,dr-ana-the-skin-clinic-medical-aesthetics-wellness-centre,Dr Ana  The Skin Clinic: Medical Aesthetics & Wellness Centre,"3 Calthorpe Rd, Birmingham B15 1QP, United Kingdom",B15 1QP,Birmingham,52.4822694,-1.8900078,52.472091,-1.918026
2199,wrong area,edgbaston-dental-centre,Edgbaston Dental Centre,"127 Pershore Rd, Edgbaston, Birmingham B5 7NX, United Kingdom",B5 7NX,Birmingham,52.4822694,-1.8900078,52.463646,-1.900909
2197,wrong area,rks-dental-hygiene,RKS Dental Hygiene,"389B Warwick Rd, Solihull B91 1BJ, United Kingdom",B91 1BJ,Solihull,52.411811,-1.77761,52.4275,-1.797307
2197,wrong area,shiraz-endodontic-practice,Shiraz Endodontic Practice,"389 Warwick Rd, Solihull B91 1BJ, United Kingdom",B91 1BJ,Solihull,52.411811,-1.77761,52.4275,-1.797307
2197,wrong area,solihull-dental-practice,Solihull Dental Practice,"391 Warwick Rd, Solihull B91 1BJ, United Kingdom",B91 1BJ,Solihull,52.411811,-1.77761,52.4275,-1.797307
2169,wrong area,rosies-aesthetics,Rosies Aesthetics,"Cudmore & Co, 119 Prospect Ln, Solihull B91 1HT, United Kingdom",B91 1HT,Solihull,52.411811,-1.77761,52.414907,-1.809185
2167,wrong area,titley-darby-dehal-associates,Titley Darby Dehal & Associates,"20 Stubbs Rd, Wolverhampton WV3 7DF, United Kingdom",WV3 7DF,Wolverhampton,52.5868159,-2.1256587,52.570706,-2.143718
2161,wrong area,sky-clinic-birmingham,Sky Clinic Birmingham,"32 Islington Row Middleway, Birmingham B15 1LD, United Kingdom",B15 1LD,Birmingham,52.4822694,-1.8900078,52.472199,-1.91729
2160,wrong area,asden-house-west-bromwich-dental-clinic,Asden House - West Bromwich Dental Clinic,"1-5 Victoria St, West Bromwich B70 8ET, United Kingdom",B70 8ET,West Bromwich,52.5361674,-2.010793,52.518877,-1.996237
2160,wrong area,divine-dentistry,Divine Dentistry,"Divine Dentistry, Asden House, 1-5 Victoria St, West Bromwich B70 8ET, United Kingdom",B70 8ET,West Bromwich,52.5361674,-2.010793,52.518877,-1.996237
2149,wrong area,goldthorn-dental-practice,Goldthorn Dental Practice,"140 Goldthorn Hill, Wolverhampton WV2 3JE, United Kingdom",WV2 3JE,Wolverhampton,52.5868159,-2.1256587,52.567888,-2.132068
2137,wrong area,night-and-day-emergency-dentist-birmingham,Night and Day Emergency Dentist Birmingham,"51 Spring Hl, Birmingham B18 7BH, United Kingdom",B18 7BH,Birmingham,52.4822694,-1.8900078,52.48548,-1.921123
2115,wrong area,air-aesthetics-clinic,Air Aesthetics Clinic,"44 George Rd, Birmingham B15 1NP, United Kingdom",B15 1NP,Birmingham,52.4822694,-1.8900078,52.470795,-1.914908
2101,wrong area,luenire-spa-aesthetics,Luenire Spa & Aesthetics,"160 Broad St, Birmingham B15 1DT, United Kingdom",B15 1DT,Birmingham,52.4822694,-1.8900078,52.472936,-1.916979
2093,wrong area,smile-more-dental-centre-solihull,Smile More Dental Centre Solihull,"384 Warwick Rd, Solihull B91 1BE, United Kingdom",B91 1BE,Solihull,52.411811,-1.77761,52.426161,-1.797578
2083,wrong area,girlboss-permanent-cosmetics,GirlBoss Permanent Cosmetics,"45 Finchfield Rd, Wolverhampton WV3 9LQ, United Kingdom",WV3 9LQ,Wolverhampton,52.5868159,-2.1256587,52.580976,-2.154953
2080,wrong area,renew-dental,Renew Dental,"208 Broadway, Walsall WS1 3HH, United Kingdom",WS1 3HH,Walsall,52.5866367,-1.984534,52.568194,-1.979429
2066,wrong area,queen-land-clinic-hair-beauty-skin-care-aesthetic,"Queen Land Clinic (Hair, Beauty, Skin care & Aesthetic)","182 Tennant St, Birmingham B15 1EN, United Kingdom",B15 1EN,Birmingham,52.4822694,-1.8900078,52.472674,-1.916126
2019,wrong area,sevilla-components-ltd,Sevilla Components Ltd,"81 Kyrwicks Ln, Birmingham B11 1TB, United Kingdom",B11 1TB,Birmingham,52.4822694,-1.8900078,52.465083,-1.880388
2011,wrong area,edgbaston-private-medical-practice,Edgbaston Private Medical Practice,"44 George Rd, Birmingham B15 1PL, United Kingdom",B15 1PL,Birmingham,52.4822694,-1.8900078,52.471477,-1.913832
2011,wrong area,the-aesthetics-doctors-skincare-microneedling-polynucleotides-i-botox-i-fillers-edgbaston-birmingham,The Aesthetics Doctors | Skincare | Microneedling | Polynucleotides I Botox I Fillers | Edgbaston | Birmingham,"44 George Rd, Birmingham B15 1PL, United Kingdom",B15 1PL,Birmingham,52.4822694,-1.8900078,52.471477,-1.913832
2011,wrong area,blossomfield-dental-care,Blossomfield Dental Care,"284-286 Blossomfield Rd, Solihull B91 1TH, United Kingdom",B91 1TH,Solihull,52.411811,-1.77761,52.404966,-1.805053
1976,wrong area,al-aesthetics-botox-and-lip-fillers-wolverhampton,AL Aesthetics - Botox and Lip fillers Wolverhampton,"102 Tettenhall Rd, Wolverhampton WV6 0BW, United Kingdom",WV6 0BW,Wolverhampton,52.5868159,-2.1256587,52.592728,-2.153238
1962,wrong area,newtown-dental-practice-and-opticians,Newtown Dental Practice and Opticians,"15 Wheeler St, Birmingham B19 2ER, United Kingdom",B19 2ER,Birmingham,52.4822694,-1.8900078,52.497676,-1.904118
1936,wrong area,hello-skin-clinic,Hello Skin Clinic,"21 Sheepcote St, Birmingham B16 8AB, United Kingdom",B16 8AB,Birmingham,52.4822694,-1.8900078,52.478546,-1.917941
1913,wrong area,broad-oaks-health-clinic,Broad Oaks Health Clinic,"Broad Oaks Health Clinic, 394 Warwick Rd, Solihull B91 1BB, United Kingdom",B91 1BB,Solihull,52.411811,-1.77761,52.424819,-1.796069
1913,wrong area,dove-house-psychology-services,Dove House Psychology Services,"394 Warwick Rd, Solihull B91 1BB, United Kingdom",B91 1BB,Solihull,52.411811,-1.77761,52.424819,-1.796069
1913,wrong area,hilary-dixon-at-positive-new-you-limited,Hilary Dixon at Positive New You Limited,"Broad Oaks Health Clinic, 394 Warwick Rd, Solihull B91 1BB, United Kingdom",B91 1BB,Solihull,52.411811,-1.77761,52.424819,-1.796069
1895,wrong area,the-dentist-at-liberty-place-birmingham-dental-clinic,The Dentist at Liberty Place - Birmingham Dental Clinic,"3/4/5, Liberty Place, Sheepcote St, Birmingham B16 8AE, United Kingdom",B16 8AE,Birmingham,52.4822694,-1.8900078,52.479157,-1.917527
1886,wrong area,a-new-day-counselling,A New Day Counselling,"19 St Judes Rd, Wolverhampton WV6 0EB, United Kingdom",WV6 0EB,Wolverhampton,52.5868159,-2.1256587,52.593027,-2.151645
1886,wrong area,elysium-counselling-services,Elysium Counselling Services,"177 Tettenhall Rd, Wolverhampton WV6 0BZ, United Kingdom",WV6 0BZ,Wolverhampton,52.5868159,-2.1256587,52.591353,-2.152554
1860,wrong area,birmingham-solihull-mental-health-nhs-trust,Birmingham & Solihull Mental Health NHS Trust,"1, B1, 50 Summer Hill Rd, Birmingham B1 3RB, United Kingdom",B1 3RB,Birmingham,52.4822694,-1.8900078,52.484129,-1.917312
1848,wrong area,deep-beauty-and-aesthetics,Deep Beauty and Aesthetics,"41 Darlaston Rd, Walsall WS2 9QT, United Kingdom",WS2 9QT,Walsall,52.5866367,-1.984534,52.574003,-2.002312
1821,wrong area,humanima-cic,HumAnima CIC,"67 Clark Rd, Wolverhampton WV3 9PA, United Kingdom",WV3 9PA,Wolverhampton,52.5868159,-2.1256587,52.588027,-2.152543
1804,wrong area,hillary-street-dental-surgery,Hillary Street Dental Surgery,"1 Hillary St, Pleck, Walsall WS2 9BP, United Kingdom",WS2 9BP,Walsall,52.5866367,-1.984534,52.572619,-1.997989
1757,wrong area,kays-counselling,Kays Counselling,"71 Vyse St, Birmingham B18 6EX, United Kingdom",B18 6EX,Birmingham,52.4822694,-1.8900078,52.49093,-1.911717
1752,wrong area,dsd-dental-laboratory-ltd,DSD Dental Laboratory Ltd,"84a Vyse St, Birmingham B18 6HA, United Kingdom",B18 6HA,Birmingham,52.4822694,-1.8900078,52.4904,-1.912175
1724,wrong area,lush-aesthetics-and-beauty,Lush Aesthetics and beauty,"Branston Court, Branston St, Birmingham B18 6BA, United Kingdom",B18 6BA,Birmingham,52.4822694,-1.8900078,52.490615,-1.911468
1697,wrong area,the-skin-practice,The skin practice,"115 Warstone Ln, Birmingham B18 6NG, United Kingdom",B18 6NG,Birmingham,52.4822694,-1.8900078,52.486859,-1.913905
1693,wrong area,dr-st-medical-aesthetics-and-laser-clinic,Dr ST Medical Aesthetics and Laser Clinic,"167 Warstone Ln, Birmingham B18 6NN, United Kingdom",B18 6NN,Birmingham,52.4822694,-1.8900078,52.487272,-1.913624
1692,wrong area,openforwards,Openforwards,"95 Spencer St, Birmingham B18 6DA, United Kingdom",B18 6DA,Birmingham,52.4822694,-1.8900078,52.489833,-1.91169
1649,wrong area,new-cross-hospital-ent,New Cross Hospital ENT,"Wednesfield Road, Wolverhampton WV10 0QP, United Kingdom",WV10 0QP,Wolverhampton,52.5902523,-2.1143126,52.599738,-2.095549
1646,wrong area,nv-microsuction,NV Microsuction,"Attwood Green Pharmay, 30 Bath Row, Birmingham B15 1LZ, United Kingdom",B15 1LZ,Birmingham,52.4822694,-1.8900078,52.472642,-1.908471
1643,wrong area,parkdale-dental-and-implant-clinic,Parkdale Dental and Implant Clinic,"82 Tettenhall Rd, Wolverhampton WV1 4TF, United Kingdom",WV1 4TF,Wolverhampton,52.5868159,-2.1256587,52.590099,-2.149376
1635,wrong area,halfway-house-dental-invisalign-orthodontic-clinic,Halfway House Dental & Invisalign Orthodontic Clinic,"Halfway House, Dental 151 Tettenhall Rd, Tettenhall, Wolverhampton WV3 9NJ, United Kingdom",WV3 9NJ,Wolverhampton,52.5868159,-2.1256587,52.589496,-2.149463
1602,wrong area,change-birmingham-brief-therapy,Change Birmingham Brief Therapy,"120 Vyse St, Birmingham B18 6NF, United Kingdom",B18 6NF,Birmingham,52.4822694,-1.8900078,52.487604,-1.911989
1602,wrong area,the-growth-guidance-clinic,The Growth & Guidance Clinic,"120 Vyse St, Birmingham B18 6NF, United Kingdom",B18 6NF,Birmingham,52.4822694,-1.8900078,52.487604,-1.911989
1578,wrong area,robert-jordan-shoulder-elbow-surgeon,Robert Jordan Shoulder & Elbow Surgeon,"Spire Parkway Hospital, 1 Damson Pkwy, Solihull B91 2PP, United Kingdom",B91 2PP,Solihull,52.411811,-1.77761,52.421597,-1.760763
1578,wrong area,warwickshire-orthopaedic-clinic-solihull-mr-roger-sloan,Warwickshire Orthopaedic Clinic Solihull - Mr Roger Sloan,"Spire Parkway Hospital, 1 Damson Pkwy, Solihull B91 2PP, United Kingdom",B91 2PP,Solihull,52.411811,-1.77761,52.421597,-1.760763
1578,wrong area,hand-surgery-consultant-midland-hand-clinic,Hand Surgery Consultant - Midland Hand Clinic,"1 Damson Pkwy, Solihull B91 2PP, United Kingdom",B91 2PP,Solihull,52.411811,-1.77761,52.421597,-1.760763
1578,wrong area,midland-hip-and-knee-clinic,Midland Hip and Knee Clinic,"Spire Parkway Hospital, 1 Damson Pkwy, Solihull B91 2PP, United Kingdom",B91 2PP,Solihull,52.411811,-1.77761,52.421597,-1.760763
1578,wrong area,spire-parkway-hospital,Spire Parkway Hospital,"1 Damson Pkwy, Solihull B91 2PP, United Kingdom",B91 2PP,Solihull,52.411811,-1.77761,52.421597,-1.760763
1574,wrong area,facial-spa-walsall,facial spa Walsall,"25 Whitmore St, Walsall WS1 4LL, United Kingdom",WS1 4LL,Walsall,52.5866367,-1.984534,52.572915,-1.990257
1571,wrong area,shergill-dental-implants-birmingham,Shergill Dental Implants - Birmingham,"17 Albion St, Birmingham B1 3EA, United Kingdom",B1 3EA,Birmingham,52.4822694,-1.8900078,52.484925,-1.912789
1570,wrong area,ag-clinic,AG Clinic,"1, Kings Court Plaza, Townsend Way, Birmingham B1 2RT, United Kingdom",B1 2RT,Birmingham,52.4822694,-1.8900078,52.481492,-1.91315
1559,wrong area,teeth-face,Teeth & Face,"3 Legge Ln, Birmingham B1 3LD, United Kingdom",B1 3LD,Birmingham,52.4822694,-1.8900078,52.484467,-1.912746
1550,wrong area,rape-sexual-violence-project,Rape & Sexual Violence Project,"Grosvenor House, Bennetts Hill, Birmingham B4 7QE, United Kingdom",B4 7QE,Birmingham,52.4822694,-1.8900078,52.495968,-1.894209
1537,wrong area,blackberry-clinic-birmingham,Blackberry Clinic Birmingham,"Sycamore House, 111 Birmingham Rd, Walsall WS1 2NL, United Kingdom",WS1 2NL,Walsall,52.5866367,-1.984534,52.576947,-1.968313
1537,wrong area,the-pebble-practice,The Pebble Practice,"Room 105, Dr Abdullah Mia, Sycamore Medical Centre, 111 Birmingham Rd, Walsall WS1 2NL, United Kingdom",WS1 2NL,Walsall,52.5866367,-1.984534,52.576947,-1.968313
1483,wrong area,dr-amit-patel,Dr Amit Patel,"9 Waterfront Walk, Birmingham B1 1TX, United Kingdom",B1 1TX,Birmingham,52.4822694,-1.8900078,52.474952,-1.908319
1419,wrong area,clarity-counselling-wolverhampton-carole-palmer-mbacp-reg-bed-hons-dip-counselling,Clarity Counselling (Wolverhampton) Carole Palmer MBACP (reg) BEd(hons) Dip counselling,"30 Larches Ln, Wolverhampton WV3 9PX, United Kingdom",WV3 9PX,Wolverhampton,52.5868159,-2.1256587,52.587028,-2.146665
1397,wrong area,hidden-aesthetics,Hidden Aesthetics,"22 Regent Pl, Birmingham B1 3NJ, United Kingdom",B1 3NJ,Birmingham,52.4822694,-1.8900078,52.48611,-1.909651
1391,wrong area,be-mindful-counselling-psychotherapy,Be Mindful Counselling & Psychotherapy,"First House, 1 Sutton St, Birmingham B1 1PE, United Kingdom",B1 1PE,Birmingham,52.4822694,-1.8900078,52.473097,-1.903965
1373,wrong area,liz-aesthetics-massage-studio,Liz Aesthetics &Massage Studio,"307 Pleck Rd, Walsall WS2 9HA, United Kingdom",WS2 9HA,Walsall,52.5866367,-1.984534,52.578264,-1.999465
1372,wrong area,house-of-riri,House of Riri,"Hampton House, 10A Great Hampton St, Birmingham B18 6AQ, United Kingdom",B18 6AQ,Birmingham,52.4822694,-1.8900078,52.488859,-1.907141
1347,wrong area,orthodontics-for-you,Orthodontics For You,"532 Streetsbrook Rd, Solihull B91 1RD, United Kingdom",B91 1RD,Solihull,52.411811,-1.77761,52.417571,-1.795088
1340,wrong area,mitocell-uk,Mitocell UK,"100 Holloway Head, Birmingham B1 1NB, United Kingdom",B1 1NB,Birmingham,52.4822694,-1.8900078,52.473483,-1.903552
1317,wrong area,key-counselling-training,Key Counselling Training,"82 Northwood St, Birmingham B3 1TH, United Kingdom",B3 1TH,Birmingham,52.4822694,-1.8900078,52.485668,-1.908635
1316,wrong area,restoration,Restoration,"Arboretum, The Clocktower, Lichfield St, Walsall WS4 2DU, United Kingdom",WS4 2DU,Walsall,52.5866367,-1.984534,52.593588,-1.968759
1306,wrong area,great-hampton-dental,Great Hampton Dental,"Great Hampton Dental, 124 Livery St, Birmingham B3 1RS, United Kingdom",B3 1RS,Birmingham,52.4822694,-1.8900078,52.488157,-1.906701
1303,wrong area,infinity-dental-solihull,Infinity Dental Solihull,"49 Yew Tree Ln, Solihull B91 2NX, United Kingdom",B91 2NX,Solihull,52.411811,-1.77761,52.421041,-1.76578
1271,wrong area,solihull-hospital,Solihull Hospital,"Lode Ln, Solihull B91 2JL, United Kingdom",B91 2JL,Solihull,52.4284076,-1.7774506,52.417138,-1.774358
1267,wrong area,be-aesthetic,Be Aesthetic,"117a Bracebridge St, Birmingham B6 4NE, United Kingdom",B6 4NE,Birmingham,52.4822694,-1.8900078,52.493653,-1.889074
1267,wrong area,be-aesthetic-dental,Be Aesthetic Dental,"117A Bracebridge St, Aston, Birmingham B6 4NE, United Kingdom",B6 4NE,Birmingham,52.4822694,-1.8900078,52.493653,-1.889074
1241,wrong area,refined-glow-aesthetics,Refined Glow Aesthetics,"Bradford Court Business Centre, 123-131 Bradford St, Birmingham B12 0NS, United Kingdom",B12 0NS,Birmingham,52.4822694,-1.8900078,52.472026,-1.882739
1241,wrong area,power-of-change-therapy-cic,Power of Change Therapy CIC,"Bradford Court Business Centre, 123-131, Birmingham B12 0NS, United Kingdom",B12 0NS,Birmingham,52.4822694,-1.8900078,52.472026,-1.882739
1241,wrong area,the-righttherapy,The RightTherapy,"Suite 102, Bradford Court Business Centre, 123-131 Bradford St, Birmingham B12 0NS, United Kingdom",B12 0NS,Birmingham,52.4822694,-1.8900078,52.472026,-1.882739
1236,wrong area,wolverhampton-special-care-dental,Wolverhampton Special Care Dental,"Pennfields Medical Centre, Upper Zoar St, Wolverhampton WV3 0JH, United Kingdom",WV3 0JH,Wolverhampton,52.5868159,-2.1256587,52.578175,-2.137176
1186,wrong area,dermoperfection-medical-skin-aesthetics-clinic-at-the-mailbox,Dermoperfection Medical Skin & Aesthetics Clinic at the Mailbox,"The Mailbox, Level 2, Dermoperfection, Unit 56 Wharfside St, Birmingham B1 1RE, United Kingdom",B1 1RE,Birmingham,52.4822694,-1.8900078,52.476127,-1.904327
1181,wrong area,smile-concepts,Smile Concepts,"91 Lode Ln, Solihull B91 2HH, United Kingdom",B91 2HH,Solihull,52.411811,-1.77761,52.42243,-1.777434
1181,wrong area,dominic-hassall-training-institute,Dominic Hassall Training Institute,"91 Lode Ln, Solihull B91 2HH, United Kingdom",B91 2HH,Solihull,52.411811,-1.77761,52.42243,-1.777434
1164,wrong area,clear-ear-solihull,Clear Ear Solihull,"28 Ferndown Rd, Solihull B91 2AT, United Kingdom",B91 2AT,Solihull,52.411811,-1.77761,52.422218,-1.779494
1146,wrong area,r-m-callaghan-associates-ltd,R.M. Callaghan & Associates Ltd,"32 Hampton Ln, Solihull B91 2PY, United Kingdom",B91 2PY,Solihull,52.411811,-1.77761,52.417188,-1.763198
1144,wrong area,true-beauty-clinic,True Beauty Clinic,"Unit 3A, 41 Essex St, Birmingham B5 4TT, United Kingdom",B5 4TT,Birmingham,52.4822694,-1.8900078,52.473163,-1.89787
1126,wrong area,the-lansdowne-dental-centre,The Lansdowne Dental Centre,"39 Tettenhall Rd, Wolverhampton WV3 9NB, United Kingdom",WV3 9NB,Wolverhampton,52.5868159,-2.1256587,52.586224,-2.142293
1032,wrong area,st-pauls-physio,St. Pauls Physio,"37-39 Ludgate Hill, Birmingham B3 1EH, United Kingdom",B3 1EH,Birmingham,52.4822694,-1.8900078,52.484533,-1.904794
1018,wrong area,coventry-osteopathic-sports-injury-clinic,Coventry Osteopathic & Sports Injury Clinic,"312A Charter Ave, Coventry CV4 8DA, United Kingdom",CV4 8DA,Coventry,52.3936533,-1.5884865,52.392987,-1.573522
